title,company,metro,link
Аналитик,Frank RG,Динамо и еще 1 ,https://hh.ru/vacancy/76026036?from=vacancy_search_list&query=%D0%B0%D0%BD%D0%B0%D0%BB%D0%B8%D1%82%D0%B8%D0%BA+%D0%B4%D0%B0%D0%BD%D0%BD%D1%8B%D1%85
Аналитик данных в подразделение мониторинга проектного финансирования,АО ДОМ.РФ,Арбатская,https://hh.ru/vacancy/76680574?from=vacancy_search_list&query=%D0%B0%D0%BD%D0%B0%D0%BB%D0%B8%D1%82%D0%B8%D0%BA+%D0%B4%D0%B0%D0%BD%D0%BD%D1%8B%D1%85
Аналитик данных / Data Analyst,Сбер. Экспертам и руководителям,,https://hh.ru/vacancy/69166398?from=vacancy_search_list&query=%D0%B0%D0%BD%D0%B0%D0%BB%D0%B8%D1%82%D0%B8%D0%BA+%D0%B4%D0%B0%D0%BD%D0%BD%D1%8B%D1%85
Аналитик (отдел коммерческой и товарной аналитики),BNS Group,Бауманская и еще 1 ,https://hh.ru/vacancy/76450682?from=vacancy_search_list&query=%D0%B0%D0%BD%D0%B0%D0%BB%D0%B8%D1%82%D0%B8%D0%BA+%D0%B4%D0%B0%D0%BD%D0%BD%D1%8B%D1%85
Аналитик программ лояльности,Франчайзинговая розничная сеть Галамарт,Парк культуры и еще 1 ,https://hh.ru/vacancy/74170810?from=vacancy_search_list&query=%D0%B0%D0%BD%D0%B0%D0%BB%D0%B8%D1%82%D0%B8%D0%BA+%D0%B4%D0%B0%D0%BD%D0%BD%D1%8B%D1%85
Ведущий аналитик данных,"билайн: ИТ, Data, Digital",Достоевская и еще 2 ,https://hh.ru/vacancy/75784273?from=vacancy_search_list&query=%D0%B0%D0%BD%D0%B0%D0%BB%D0%B8%D1%82%D0%B8%D0%BA+%D0%B4%D0%B0%D0%BD%D0%BD%D1%8B%D1%85
Аналитик HR,ПАО Промсвязьбанк,,https://hh.ru/vacancy/76649813?from=vacancy_search_list&query=%D0%B0%D0%BD%D0%B0%D0%BB%D0%B8%D1%82%D0%B8%D0%BA+%D0%B4%D0%B0%D0%BD%D0%BD%D1%8B%D1%85
Букмекер-аналитик,WINLINE. IT & TECH,Тульская,https://hh.ru/vacancy/76326935?from=vacancy_search_list&query=%D0%B0%D0%BD%D0%B0%D0%BB%D0%B8%D1%82%D0%B8%D0%BA+%D0%B4%D0%B0%D0%BD%D0%BD%D1%8B%D1%85
Финансовый аналитик,ООО Тагес Джамп,Автозаводская и еще 2 ,https://hh.ru/vacancy/71653349?from=vacancy_search_list&query=%D0%B0%D0%BD%D0%B0%D0%BB%D0%B8%D1%82%D0%B8%D0%BA+%D0%B4%D0%B0%D0%BD%D0%BD%D1%8B%D1%85
Интернет-маркетолог,ООО МедЗнания,Парк культуры и еще 2 ,https://hh.ru/vacancy/75534937?from=vacancy_search_list&query=%D0%B0%D0%BD%D0%B0%D0%BB%D0%B8%D1%82%D0%B8%D0%BA+%D0%B4%D0%B0%D0%BD%D0%BD%D1%8B%D1%85
Аналитик данных,ООО ДельтаЛизинг,,https://hh.ru/vacancy/75664246?from=vacancy_search_list&query=%D0%B0%D0%BD%D0%B0%D0%BB%D0%B8%D1%82%D0%B8%D0%BA+%D0%B4%D0%B0%D0%BD%D0%BD%D1%8B%D1%85
Бизнес-аналитик (стажёр),ИП Ельмикеев Евгений Иванович,,https://hh.ru/vacancy/75909017?from=vacancy_search_list&query=%D0%B0%D0%BD%D0%B0%D0%BB%D0%B8%D1%82%D0%B8%D0%BA+%D0%B4%D0%B0%D0%BD%D0%BD%D1%8B%D1%85
Аналитик данных в онлайн школу (удаленно),PRO-Здоровье,,https://hh.ru/vacancy/75922072?from=vacancy_search_list&query=%D0%B0%D0%BD%D0%B0%D0%BB%D0%B8%D1%82%D0%B8%D0%BA+%D0%B4%D0%B0%D0%BD%D0%BD%D1%8B%D1%85
Бизнес-аналитик,ООО РИКЦ,Полян,https://hh.ru/vacancy/76737449?from=vacancy_search_list&query=%D0%B0%D0%BD%D0%B0%D0%BB%D0%B8%D1%82%D0%B8%D0%BA+%D0%B4%D0%B0%D0%BD%D0%BD%D1%8B%D1%85
Аналитик данных,ООО Детские продукты,Бибире,https://hh.ru/vacancy/76115907?from=vacancy_search_list&query=%D0%B0%D0%BD%D0%B0%D0%BB%D0%B8%D1%82%D0%B8%D0%BA+%D0%B4%D0%B0%D0%BD%D0%BD%D1%8B%D1%85
Аналитик данных,АО Россельхозбанк,еждународная,https://hh.ru/vacancy/76725404?from=vacancy_search_list&query=%D0%B0%D0%BD%D0%B0%D0%BB%D0%B8%D1%82%D0%B8%D0%BA+%D0%B4%D0%B0%D0%BD%D0%BD%D1%8B%D1%85
Младший аналитик,АО Объединенная судостроительная корпорация,,https://hh.ru/vacancy/76702017?from=vacancy_search_list&query=%D0%B0%D0%BD%D0%B0%D0%BB%D0%B8%D1%82%D0%B8%D0%BA+%D0%B4%D0%B0%D0%BD%D0%BD%D1%8B%D1%85
Аналитик,"Сково,Торговый дом",,https://hh.ru/vacancy/76286978?from=vacancy_search_list&query=%D0%B0%D0%BD%D0%B0%D0%BB%D0%B8%D1%82%D0%B8%D0%BA+%D0%B4%D0%B0%D0%BD%D0%BD%D1%8B%D1%85
Менеджер аналитик по развитию Маркетплейс,ИП Щербицкая Н.Н.,,https://hh.ru/vacancy/76095649?from=vacancy_search_list&query=%D0%B0%D0%BD%D0%B0%D0%BB%D0%B8%D1%82%D0%B8%D0%BA+%D0%B4%D0%B0%D0%BD%D0%BD%D1%8B%D1%85
Data Analyst / Аналитик данных,КБ Стрелка,,https://hh.ru/vacancy/72492020?from=vacancy_search_list&query=%D0%B0%D0%BD%D0%B0%D0%BB%D0%B8%D1%82%D0%B8%D0%BA+%D0%B4%D0%B0%D0%BD%D0%BD%D1%8B%D1%85
Аналитик,Аналитический центр при Правительстве Российской Федерации,,https://hh.ru/vacancy/73243074?from=vacancy_search_list&query=%D0%B0%D0%BD%D0%B0%D0%BB%D0%B8%D1%82%D0%B8%D0%BA+%D0%B4%D0%B0%D0%BD%D0%BD%D1%8B%D1%85
Бизнес-аналитик,ООО НПП САМАРАВЗРЫВТЕХНОЛОГИЯ,,https://hh.ru/vacancy/76641471?from=vacancy_search_list&query=%D0%B0%D0%BD%D0%B0%D0%BB%D0%B8%D1%82%D0%B8%D0%BA+%D0%B4%D0%B0%D0%BD%D0%BD%D1%8B%D1%85
Аналитик по продажам / Аналитик по планированию и прогнозированию продаж,Спецобъединение Юго-Запад,Кунцевская и еще 1 ,https://hh.ru/vacancy/74388787?from=vacancy_search_list&query=%D0%B0%D0%BD%D0%B0%D0%BB%D0%B8%D1%82%D0%B8%D0%BA+%D0%B4%D0%B0%D0%BD%D0%BD%D1%8B%D1%85
Аналитик,ADAPTER,,https://hh.ru/vacancy/76507495?from=vacancy_search_list&query=%D0%B0%D0%BD%D0%B0%D0%BB%D0%B8%D1%82%D0%B8%D0%BA+%D0%B4%D0%B0%D0%BD%D0%BD%D1%8B%D1%85
Аналитик,"ПАО «МТС», IT",Технопар,https://hh.ru/vacancy/76677855?from=vacancy_search_list&query=%D0%B0%D0%BD%D0%B0%D0%BB%D0%B8%D1%82%D0%B8%D0%BA+%D0%B4%D0%B0%D0%BD%D0%BD%D1%8B%D1%85
Аналитик данных/BI аналитик,ООО Инфоурок,,https://hh.ru/vacancy/75678417?from=vacancy_search_list&query=%D0%B0%D0%BD%D0%B0%D0%BB%D0%B8%D1%82%D0%B8%D0%BA+%D0%B4%D0%B0%D0%BD%D0%BD%D1%8B%D1%85
Аналитик данных,Мегаполис,Выставочная,https://hh.ru/vacancy/76651639?from=vacancy_search_list&query=%D0%B0%D0%BD%D0%B0%D0%BB%D0%B8%D1%82%D0%B8%D0%BA+%D0%B4%D0%B0%D0%BD%D0%BD%D1%8B%D1%85
Младший аналитик,Simple. Коммерческая дирекция B2B,инская,https://hh.ru/vacancy/76711469?from=vacancy_search_list&query=%D0%B0%D0%BD%D0%B0%D0%BB%D0%B8%D1%82%D0%B8%D0%BA+%D0%B4%D0%B0%D0%BD%D0%BD%D1%8B%D1%85
Аналитик данных (Data Analist),ООО Профессиональный экологический консалтинг,,https://hh.ru/vacancy/76584671?from=vacancy_search_list&query=%D0%B0%D0%BD%D0%B0%D0%BB%D0%B8%D1%82%D0%B8%D0%BA+%D0%B4%D0%B0%D0%BD%D0%BD%D1%8B%D1%85
Аналитик данных (E-commerce),Франчайзинговая розничная сеть Галамарт,Парк культуры и еще 1 ,https://hh.ru/vacancy/76450059?from=vacancy_search_list&query=%D0%B0%D0%BD%D0%B0%D0%BB%D0%B8%D1%82%D0%B8%D0%BA+%D0%B4%D0%B0%D0%BD%D0%BD%D1%8B%D1%85
Аналитик качества данных,Группа Самолет,,https://hh.ru/vacancy/76004470?from=vacancy_search_list&query=%D0%B0%D0%BD%D0%B0%D0%BB%D0%B8%D1%82%D0%B8%D0%BA+%D0%B4%D0%B0%D0%BD%D0%BD%D1%8B%D1%85
Финансовый аналитик,ООО Вита Смарт,,https://hh.ru/vacancy/75685591?from=vacancy_search_list&query=%D0%B0%D0%BD%D0%B0%D0%BB%D0%B8%D1%82%D0%B8%D0%BA+%D0%B4%D0%B0%D0%BD%D0%BD%D1%8B%D1%85
Аналитик по автоматизации СХ данных (Москва),Outlines Technologies,,https://hh.ru/vacancy/76695873?from=vacancy_search_list&query=%D0%B0%D0%BD%D0%B0%D0%BB%D0%B8%D1%82%D0%B8%D0%BA+%D0%B4%D0%B0%D0%BD%D0%BD%D1%8B%D1%85
Аналитик,ООО Группа Бринэкс,,https://hh.ru/vacancy/73176918?from=vacancy_search_list&query=%D0%B0%D0%BD%D0%B0%D0%BB%D0%B8%D1%82%D0%B8%D0%BA+%D0%B4%D0%B0%D0%BD%D0%BD%D1%8B%D1%85
Аналитик,ИДС Боржоми,Павелецкая,https://hh.ru/vacancy/73402772?from=vacancy_search_list&query=%D0%B0%D0%BD%D0%B0%D0%BB%D0%B8%D1%82%D0%B8%D0%BA+%D0%B4%D0%B0%D0%BD%D0%BD%D1%8B%D1%85
Аналитик спроса (Demand аналитик),Герофарм,,https://hh.ru/vacancy/75669271?from=vacancy_search_list&query=%D0%B0%D0%BD%D0%B0%D0%BB%D0%B8%D1%82%D0%B8%D0%BA+%D0%B4%D0%B0%D0%BD%D0%BD%D1%8B%D1%85
Стажёр в отдел стратегии,Big Media,,https://hh.ru/vacancy/76273509?from=vacancy_search_list&query=%D0%B0%D0%BD%D0%B0%D0%BB%D0%B8%D1%82%D0%B8%D0%BA+%D0%B4%D0%B0%D0%BD%D0%BD%D1%8B%D1%85
Аналитик в Отдел контроля данных и расчетов MIS,Сбер для экспертов,,https://hh.ru/vacancy/76658841?from=vacancy_search_list&query=%D0%B0%D0%BD%D0%B0%D0%BB%D0%B8%D1%82%D0%B8%D0%BA+%D0%B4%D0%B0%D0%BD%D0%BD%D1%8B%D1%85
Аналитик,"РУСАЛ, Центр подбора персонала",,https://hh.ru/vacancy/76726998?from=vacancy_search_list&query=%D0%B0%D0%BD%D0%B0%D0%BB%D0%B8%D1%82%D0%B8%D0%BA+%D0%B4%D0%B0%D0%BD%D0%BD%D1%8B%D1%85
Аналитик диспетчерской службы,ООО АЛМАЗ,,https://hh.ru/vacancy/76411505?from=vacancy_search_list&query=%D0%B0%D0%BD%D0%B0%D0%BB%D0%B8%D1%82%D0%B8%D0%BA+%D0%B4%D0%B0%D0%BD%D0%BD%D1%8B%D1%85
Финансовый аналитик на маркетплейсы Wildberries и Ozon,LaneHomeBrandsGroup,,https://hh.ru/vacancy/76237291?from=vacancy_search_list&query=%D0%B0%D0%BD%D0%B0%D0%BB%D0%B8%D1%82%D0%B8%D0%BA+%D0%B4%D0%B0%D0%BD%D0%BD%D1%8B%D1%85
Помощник аналитика,Syndicate Group,,https://hh.ru/vacancy/72690919?from=vacancy_search_list&query=%D0%B0%D0%BD%D0%B0%D0%BB%D0%B8%D1%82%D0%B8%D0%BA+%D0%B4%D0%B0%D0%BD%D0%BD%D1%8B%D1%85
Аналитик (ПСКО),ППК Роскадастр,Авиамоторная,https://hh.ru/vacancy/76387739?from=vacancy_search_list&query=%D0%B0%D0%BD%D0%B0%D0%BB%D0%B8%D1%82%D0%B8%D0%BA+%D0%B4%D0%B0%D0%BD%D0%BD%D1%8B%D1%85
ML-аналитик в Маркет,Яндекс,,https://hh.ru/vacancy/76091307?from=vacancy_search_list&query=%D0%B0%D0%BD%D0%B0%D0%BB%D0%B8%D1%82%D0%B8%D0%BA+%D0%B4%D0%B0%D0%BD%D0%BD%D1%8B%D1%85
Системный аналитик,evrone.ru,,https://hh.ru/vacancy/76733981?from=vacancy_search_list&query=%D0%B0%D0%BD%D0%B0%D0%BB%D0%B8%D1%82%D0%B8%D0%BA+%D0%B4%D0%B0%D0%BD%D0%BD%D1%8B%D1%85
Конкурентный аналитик / маркетолог аналитик,Likesoft,,https://hh.ru/vacancy/76080226?from=vacancy_search_list&query=%D0%B0%D0%BD%D0%B0%D0%BB%D0%B8%D1%82%D0%B8%D0%BA+%D0%B4%D0%B0%D0%BD%D0%BD%D1%8B%D1%85
Аналитик данных,ООО Цифромед,Деловой центр и еще 2 ,https://hh.ru/vacancy/76400927?from=vacancy_search_list&query=%D0%B0%D0%BD%D0%B0%D0%BB%D0%B8%D1%82%D0%B8%D0%BA+%D0%B4%D0%B0%D0%BD%D0%BD%D1%8B%D1%85
Аналитик (MS SQL),Розничная сеть МТС,,https://hh.ru/vacancy/75697765?from=vacancy_search_list&query=%D0%B0%D0%BD%D0%B0%D0%BB%D0%B8%D1%82%D0%B8%D0%BA+%D0%B4%D0%B0%D0%BD%D0%BD%D1%8B%D1%85
Младший продуктовый аналитик (поисковые и рекомендательные системы),ООО HeadHunter::Product Management,Алексеевская,https://hh.ru/vacancy/76409719?from=vacancy_search_list&query=%D0%B0%D0%BD%D0%B0%D0%BB%D0%B8%D1%82%D0%B8%D0%BA+%D0%B4%D0%B0%D0%BD%D0%BD%D1%8B%D1%85
Аналитик,DSM Group,Белорусская,https://hh.ru/vacancy/76604956?from=vacancy_search_list&query=%D0%B0%D0%BD%D0%B0%D0%BB%D0%B8%D1%82%D0%B8%D0%BA+%D0%B4%D0%B0%D0%BD%D0%BD%D1%8B%D1%85
Аналитик продаж (VBA),ООО ЛК Эволюция,,https://hh.ru/vacancy/76438163?from=vacancy_search_list&query=%D0%B0%D0%BD%D0%B0%D0%BB%D0%B8%D1%82%D0%B8%D0%BA+%D0%B4%D0%B0%D0%BD%D0%BD%D1%8B%D1%85
Ассистент аналитика,МИЭЛЬ,,https://hh.ru/vacancy/76675192?from=vacancy_search_list&query=%D0%B0%D0%BD%D0%B0%D0%BB%D0%B8%D1%82%D0%B8%D0%BA+%D0%B4%D0%B0%D0%BD%D0%BD%D1%8B%D1%85
Аналитик по стратегии,ООО Инспайр,,https://hh.ru/vacancy/76103172?from=vacancy_search_list&query=%D0%B0%D0%BD%D0%B0%D0%BB%D0%B8%D1%82%D0%B8%D0%BA+%D0%B4%D0%B0%D0%BD%D0%BD%D1%8B%D1%85
Бизнес-аналитик,Virtuality Club,,https://hh.ru/vacancy/76113475?from=vacancy_search_list&query=%D0%B0%D0%BD%D0%B0%D0%BB%D0%B8%D1%82%D0%B8%D0%BA+%D0%B4%D0%B0%D0%BD%D0%BD%D1%8B%D1%85
Аналитик,Правда Кофе (ООО Кофе Плюс),Белорусская,https://hh.ru/vacancy/75575372?from=vacancy_search_list&query=%D0%B0%D0%BD%D0%B0%D0%BB%D0%B8%D1%82%D0%B8%D0%BA+%D0%B4%D0%B0%D0%BD%D0%BD%D1%8B%D1%85
Product analyst,GipsyTeam,,https://hh.ru/vacancy/76418526?from=vacancy_search_list&query=%D0%B0%D0%BD%D0%B0%D0%BB%D0%B8%D1%82%D0%B8%D0%BA+%D0%B4%D0%B0%D0%BD%D0%BD%D1%8B%D1%85
Младший аналитик,РеИнформ Инт.,,https://hh.ru/vacancy/75572311?from=vacancy_search_list&query=%D0%B0%D0%BD%D0%B0%D0%BB%D0%B8%D1%82%D0%B8%D0%BA+%D0%B4%D0%B0%D0%BD%D0%BD%D1%8B%D1%85
Системный аналитик,ООО Подарки королей,Кузнецкий мост и еще 2 ,https://hh.ru/vacancy/76050289?from=vacancy_search_list&query=%D0%B0%D0%BD%D0%B0%D0%BB%D0%B8%D1%82%D0%B8%D0%BA+%D0%B4%D0%B0%D0%BD%D0%BD%D1%8B%D1%85
Аналитик,Mediascope,рьина Роща и еще 1 ,https://hh.ru/vacancy/75773535?from=vacancy_search_list&query=%D0%B0%D0%BD%D0%B0%D0%BB%D0%B8%D1%82%D0%B8%D0%BA+%D0%B4%D0%B0%D0%BD%D0%BD%D1%8B%D1%85
Аналитик Power BI,ООО Медиапоинт,,https://hh.ru/vacancy/75947626?from=vacancy_search_list&query=%D0%B0%D0%BD%D0%B0%D0%BB%D0%B8%D1%82%D0%B8%D0%BA+%D0%B4%D0%B0%D0%BD%D0%BD%D1%8B%D1%85
Аналитик продаж,Издательство МОЗАИКА-СИНТЕЗ,Зорге и еще 2 ,https://hh.ru/vacancy/76139841?from=vacancy_search_list&query=%D0%B0%D0%BD%D0%B0%D0%BB%D0%B8%D1%82%D0%B8%D0%BA+%D0%B4%D0%B0%D0%BD%D0%BD%D1%8B%D1%85
Аналитик планово-аналитического отдела,Серволюкс Восток,,https://hh.ru/vacancy/71214789?from=vacancy_search_list&query=%D0%B0%D0%BD%D0%B0%D0%BB%D0%B8%D1%82%D0%B8%D0%BA+%D0%B4%D0%B0%D0%BD%D0%BD%D1%8B%D1%85
Junior аналитик (ценообразование),ООО ВсеИнструменты.ру,Текстильщики,https://hh.ru/vacancy/75989591?from=vacancy_search_list&query=%D0%B0%D0%BD%D0%B0%D0%BB%D0%B8%D1%82%D0%B8%D0%BA+%D0%B4%D0%B0%D0%BD%D0%BD%D1%8B%D1%85
Аналитик / Системный аналитик 1с (удаленно),1С:ВДГБ,,https://hh.ru/vacancy/76592045?from=vacancy_search_list&query=%D0%B0%D0%BD%D0%B0%D0%BB%D0%B8%D1%82%D0%B8%D0%BA+%D0%B4%D0%B0%D0%BD%D0%BD%D1%8B%D1%85
Аналитик,ГК Дамате,Семеновская,https://hh.ru/vacancy/76553652?from=vacancy_search_list&query=%D0%B0%D0%BD%D0%B0%D0%BB%D0%B8%D1%82%D0%B8%D0%BA+%D0%B4%D0%B0%D0%BD%D0%BD%D1%8B%D1%85
Аналитик данных направления по коммерческой деятельности,ОАО Судоходная компания Волжское пароходство,,https://hh.ru/vacancy/76446338?from=vacancy_search_list&query=%D0%B0%D0%BD%D0%B0%D0%BB%D0%B8%D1%82%D0%B8%D0%BA+%D0%B4%D0%B0%D0%BD%D0%BD%D1%8B%D1%85
Аналитик/BI аналитик (Tableau),АНАЛИТИКА ПЛЮС,,https://hh.ru/vacancy/76418611?from=vacancy_search_list&query=%D0%B0%D0%BD%D0%B0%D0%BB%D0%B8%D1%82%D0%B8%D0%BA+%D0%B4%D0%B0%D0%BD%D0%BD%D1%8B%D1%85
Младший аналитик,АКРИХИН,Курская,https://hh.ru/vacancy/74267018?from=vacancy_search_list&query=%D0%B0%D0%BD%D0%B0%D0%BB%D0%B8%D1%82%D0%B8%D0%BA+%D0%B4%D0%B0%D0%BD%D0%BD%D1%8B%D1%85
Системный аналитик,7RedLines,,https://hh.ru/vacancy/76417466?from=vacancy_search_list&query=%D0%B0%D0%BD%D0%B0%D0%BB%D0%B8%D1%82%D0%B8%D0%BA+%D0%B4%D0%B0%D0%BD%D0%BD%D1%8B%D1%85
Аналитик SQL,"CARDIF, Страховая компания",Дмитровская,https://hh.ru/vacancy/76225721?from=vacancy_search_list&query=%D0%B0%D0%BD%D0%B0%D0%BB%D0%B8%D1%82%D0%B8%D0%BA+%D0%B4%D0%B0%D0%BD%D0%BD%D1%8B%D1%85
Продуктовый аналитик,Тинькофф,Водный стадион,https://hh.ru/vacancy/39904397?from=vacancy_search_list&query=%D0%B0%D0%BD%D0%B0%D0%BB%D0%B8%D1%82%D0%B8%D0%BA+%D0%B4%D0%B0%D0%BD%D0%BD%D1%8B%D1%85
Аналитик,Сентинел Кредит Менеджмент,Баррикадная и еще 1 ,https://hh.ru/vacancy/76448683?from=vacancy_search_list&query=%D0%B0%D0%BD%D0%B0%D0%BB%D0%B8%D1%82%D0%B8%D0%BA+%D0%B4%D0%B0%D0%BD%D0%BD%D1%8B%D1%85
Аналитик данных,Кадровое агентство АНО РСВ,,https://hh.ru/vacancy/76544637?from=vacancy_search_list&query=%D0%B0%D0%BD%D0%B0%D0%BB%D0%B8%D1%82%D0%B8%D0%BA+%D0%B4%D0%B0%D0%BD%D0%BD%D1%8B%D1%85
Системный аналитик,ООО Автомакон,,https://hh.ru/vacancy/75544124?from=vacancy_search_list&query=%D0%B0%D0%BD%D0%B0%D0%BB%D0%B8%D1%82%D0%B8%D0%BA+%D0%B4%D0%B0%D0%BD%D0%BD%D1%8B%D1%85
Специалист по планированию (Экономист/Аналитик),АО ГЛОРИЯ ДЖИНС. Офис,Курская и еще 1 ,https://hh.ru/vacancy/47081802?from=vacancy_search_list&query=%D0%B0%D0%BD%D0%B0%D0%BB%D0%B8%D1%82%D0%B8%D0%BA+%D0%B4%D0%B0%D0%BD%D0%BD%D1%8B%D1%85
Аналитик по отчетности,СБЕРКОРУС,Кутузовская,https://hh.ru/vacancy/76481293?from=vacancy_search_list&query=%D0%B0%D0%BD%D0%B0%D0%BB%D0%B8%D1%82%D0%B8%D0%BA+%D0%B4%D0%B0%D0%BD%D0%BD%D1%8B%D1%85
Бизнес-аналитик (технические знания SQL),билайн: Бизнес,Достоевская и еще 2 ,https://hh.ru/vacancy/75573633?from=vacancy_search_list&query=%D0%B0%D0%BD%D0%B0%D0%BB%D0%B8%D1%82%D0%B8%D0%BA+%D0%B4%D0%B0%D0%BD%D0%BD%D1%8B%D1%85
"Специалист по планированию ( экономист, аналитик)",АО ГЛОРИЯ ДЖИНС. Офис,Курская и еще 1 ,https://hh.ru/vacancy/44782896?from=vacancy_search_list&query=%D0%B0%D0%BD%D0%B0%D0%BB%D0%B8%D1%82%D0%B8%D0%BA+%D0%B4%D0%B0%D0%BD%D0%BD%D1%8B%D1%85
Аналитик пользовательских путей,Rutube,Аэропорт и еще 2 ,https://hh.ru/vacancy/74157616?from=vacancy_search_list&query=%D0%B0%D0%BD%D0%B0%D0%BB%D0%B8%D1%82%D0%B8%D0%BA+%D0%B4%D0%B0%D0%BD%D0%BD%D1%8B%D1%85
Продуктовый аналитик / Product analyst (B2B SaaS),ФБ Медиа Солюшнс,Автозаводская,https://hh.ru/vacancy/75575958?from=vacancy_search_list&query=%D0%B0%D0%BD%D0%B0%D0%BB%D0%B8%D1%82%D0%B8%D0%BA+%D0%B4%D0%B0%D0%BD%D0%BD%D1%8B%D1%85
Аналитик данных,Faberlic,Красный строитель и еще 1 ,https://hh.ru/vacancy/76455678?from=vacancy_search_list&query=%D0%B0%D0%BD%D0%B0%D0%BB%D0%B8%D1%82%D0%B8%D0%BA+%D0%B4%D0%B0%D0%BD%D0%BD%D1%8B%D1%85
Финансовый аналитик (отдел аналитики),Офис «Азбука вкуса»,Парк Победы,https://hh.ru/vacancy/75550097?from=vacancy_search_list&query=%D0%B0%D0%BD%D0%B0%D0%BB%D0%B8%D1%82%D0%B8%D0%BA+%D0%B4%D0%B0%D0%BD%D0%BD%D1%8B%D1%85
Менеджер по развитию / Аналитик,АЗТЕК,Новокосин,https://hh.ru/vacancy/75539165?from=vacancy_search_list&query=%D0%B0%D0%BD%D0%B0%D0%BB%D0%B8%D1%82%D0%B8%D0%BA+%D0%B4%D0%B0%D0%BD%D0%BD%D1%8B%D1%85
Аналитик данных,ООО Лаборатория медицинских информационных технологий Элемент,Достоевская и еще 2 ,https://hh.ru/vacancy/76340419?from=vacancy_search_list&query=%D0%B0%D0%BD%D0%B0%D0%BB%D0%B8%D1%82%D0%B8%D0%BA+%D0%B4%D0%B0%D0%BD%D0%BD%D1%8B%D1%85
Аналитик-маркетолог,ООО Гарден Рус,Каширская,https://hh.ru/vacancy/76046534?from=vacancy_search_list&query=%D0%B0%D0%BD%D0%B0%D0%BB%D0%B8%D1%82%D0%B8%D0%BA+%D0%B4%D0%B0%D0%BD%D0%BD%D1%8B%D1%85
Экономист-аналитик,ООО ВостокИмпорт,,https://hh.ru/vacancy/75941599?from=vacancy_search_list&query=%D0%B0%D0%BD%D0%B0%D0%BB%D0%B8%D1%82%D0%B8%D0%BA+%D0%B4%D0%B0%D0%BD%D0%BD%D1%8B%D1%85
Маркетолог-аналитик,ООО АРТИ-М,,https://hh.ru/vacancy/75792524?from=vacancy_search_list&query=%D0%B0%D0%BD%D0%B0%D0%BB%D0%B8%D1%82%D0%B8%D0%BA+%D0%B4%D0%B0%D0%BD%D0%BD%D1%8B%D1%85
Эксперт-аналитик по маркетплейсам,ООО ЭСТА ГЛОБАЛ,,https://hh.ru/vacancy/76155491?from=vacancy_search_list&query=%D0%B0%D0%BD%D0%B0%D0%BB%D0%B8%D1%82%D0%B8%D0%BA+%D0%B4%D0%B0%D0%BD%D0%BD%D1%8B%D1%85
Аналитик SQL,ПАО Промсвязьбанк,Павелецкая и еще 1 ,https://hh.ru/vacancy/69324210?from=vacancy_search_list&query=%D0%B0%D0%BD%D0%B0%D0%BB%D0%B8%D1%82%D0%B8%D0%BA+%D0%B4%D0%B0%D0%BD%D0%BD%D1%8B%D1%85
Специалист в аналитический отдел Дирекции по стратегии и инвестициям,ООО Управление транспортными активами,Красные ворота и еще 2 ,https://hh.ru/vacancy/76439259?from=vacancy_search_list&query=%D0%B0%D0%BD%D0%B0%D0%BB%D0%B8%D1%82%D0%B8%D0%BA+%D0%B4%D0%B0%D0%BD%D0%BD%D1%8B%D1%85
Старший аналитик данных (Служба CRM аналитики),"ПАО ВТБ, Розничный бизнес",Деловой центр и еще 2 ,https://hh.ru/vacancy/74383179?from=vacancy_search_list&query=%D0%B0%D0%BD%D0%B0%D0%BB%D0%B8%D1%82%D0%B8%D0%BA+%D0%B4%D0%B0%D0%BD%D0%BD%D1%8B%D1%85
Аналитик данных,Московский метрополитен,,https://hh.ru/vacancy/76350146?from=vacancy_search_list&query=%D0%B0%D0%BD%D0%B0%D0%BB%D0%B8%D1%82%D0%B8%D0%BA+%D0%B4%D0%B0%D0%BD%D0%BD%D1%8B%D1%85
Младший web-аналитик,i-Media,,https://hh.ru/vacancy/73869362?from=vacancy_search_list&query=%D0%B0%D0%BD%D0%B0%D0%BB%D0%B8%D1%82%D0%B8%D0%BA+%D0%B4%D0%B0%D0%BD%D0%BD%D1%8B%D1%85
Аналитик Power BI,Алкогольный холдинг Руст,Боровское шоссе и еще 2 ,https://hh.ru/vacancy/76205013?from=vacancy_search_list&query=%D0%B0%D0%BD%D0%B0%D0%BB%D0%B8%D1%82%D0%B8%D0%BA+%D0%B4%D0%B0%D0%BD%D0%BD%D1%8B%D1%85
Аналитик по работе с большими данными,ООО Мултон Партнерс,,https://hh.ru/vacancy/76376195?from=vacancy_search_list&query=%D0%B0%D0%BD%D0%B0%D0%BB%D0%B8%D1%82%D0%B8%D0%BA+%D0%B4%D0%B0%D0%BD%D0%BD%D1%8B%D1%85
"Аналитик по недвижимости, удаленно",ИП Унжаков Алексей Владимирович,,https://hh.ru/vacancy/76355338?from=vacancy_search_list&query=%D0%B0%D0%BD%D0%B0%D0%BB%D0%B8%D1%82%D0%B8%D0%BA+%D0%B4%D0%B0%D0%BD%D0%BD%D1%8B%D1%85
Аналитик данных,Bell Integrator,,https://hh.ru/vacancy/76415529?from=vacancy_search_list&query=%D0%B0%D0%BD%D0%B0%D0%BB%D0%B8%D1%82%D0%B8%D0%BA+%D0%B4%D0%B0%D0%BD%D0%BD%D1%8B%D1%85
Аналитик,B2X,,https://hh.ru/vacancy/76265559?from=vacancy_search_list&query=%D0%B0%D0%BD%D0%B0%D0%BB%D0%B8%D1%82%D0%B8%D0%BA+%D0%B4%D0%B0%D0%BD%D0%BD%D1%8B%D1%85
Аналитик данных,Банк СОЮЗ (АО),енделеевская и еще 1 ,https://hh.ru/vacancy/72879660?from=vacancy_search_list&query=%D0%B0%D0%BD%D0%B0%D0%BB%D0%B8%D1%82%D0%B8%D0%BA+%D0%B4%D0%B0%D0%BD%D0%BD%D1%8B%D1%85
Ассистент аналитика,ANCOR,,https://hh.ru/vacancy/76329437?from=vacancy_search_list&query=%D0%B0%D0%BD%D0%B0%D0%BB%D0%B8%D1%82%D0%B8%D0%BA+%D0%B4%D0%B0%D0%BD%D0%BD%D1%8B%D1%85
Аналитик по сбору и обработке данных о стартапах,Платформа Национальной Технологической Инициативы,,https://hh.ru/vacancy/75997402?from=vacancy_search_list&query=%D0%B0%D0%BD%D0%B0%D0%BB%D0%B8%D1%82%D0%B8%D0%BA+%D0%B4%D0%B0%D0%BD%D0%BD%D1%8B%D1%85
Аналитик маркетплейсов,Магазин TOP FLOP,,https://hh.ru/vacancy/76098187?from=vacancy_search_list&query=%D0%B0%D0%BD%D0%B0%D0%BB%D0%B8%D1%82%D0%B8%D0%BA+%D0%B4%D0%B0%D0%BD%D0%BD%D1%8B%D1%85
Инженер данных /дата аналитик,Ассоциация Гарантирующих Поставщиков и Энергосбытовых Компаний,,https://hh.ru/vacancy/76030521?from=vacancy_search_list&query=%D0%B0%D0%BD%D0%B0%D0%BB%D0%B8%D1%82%D0%B8%D0%BA+%D0%B4%D0%B0%D0%BD%D0%BD%D1%8B%D1%85
Младший бизнес-аналитик (автоматизация),"РЕСО-Гарантия, САО",,https://hh.ru/vacancy/75999467?from=vacancy_search_list&query=%D0%B0%D0%BD%D0%B0%D0%BB%D0%B8%D1%82%D0%B8%D0%BA+%D0%B4%D0%B0%D0%BD%D0%BD%D1%8B%D1%85
Аналитик в службу маркетинга,"Ресурс, ГАП",,https://hh.ru/vacancy/76107217?from=vacancy_search_list&query=%D0%B0%D0%BD%D0%B0%D0%BB%D0%B8%D1%82%D0%B8%D0%BA+%D0%B4%D0%B0%D0%BD%D0%BD%D1%8B%D1%85
Аналитик BI,Первый Бит,Фрунзенская,https://hh.ru/vacancy/73202617?from=vacancy_search_list&query=%D0%B0%D0%BD%D0%B0%D0%BB%D0%B8%D1%82%D0%B8%D0%BA+%D0%B4%D0%B0%D0%BD%D0%BD%D1%8B%D1%85
Аналитик,ГКУ Дирекция по Координации Деятельности Медицинских Организаций Департамента Здравоохранения Города Москвы,,https://hh.ru/vacancy/70687226?from=vacancy_search_list&query=%D0%B0%D0%BD%D0%B0%D0%BB%D0%B8%D1%82%D0%B8%D0%BA+%D0%B4%D0%B0%D0%BD%D0%BD%D1%8B%D1%85
Финансовый аналитик,КСК ЭКСПЕРТ,,https://hh.ru/vacancy/76261017?from=vacancy_search_list&query=%D0%B0%D0%BD%D0%B0%D0%BB%D0%B8%D1%82%D0%B8%D0%BA+%D0%B4%D0%B0%D0%BD%D0%BD%D1%8B%D1%85
Стажер/Аналитик направления Data&AI,ООО Axenix (ранее Accenture),Павелецкая,https://hh.ru/vacancy/75964833?from=vacancy_search_list&query=%D0%B0%D0%BD%D0%B0%D0%BB%D0%B8%D1%82%D0%B8%D0%BA+%D0%B4%D0%B0%D0%BD%D0%BD%D1%8B%D1%85
Аналитик данных,Правительство Москвы,Сухаревская,https://hh.ru/vacancy/75933993?from=vacancy_search_list&query=%D0%B0%D0%BD%D0%B0%D0%BB%D0%B8%D1%82%D0%B8%D0%BA+%D0%B4%D0%B0%D0%BD%D0%BD%D1%8B%D1%85
Аналитик данных,НСК,лодежная,https://hh.ru/vacancy/76086573?from=vacancy_search_list&query=%D0%B0%D0%BD%D0%B0%D0%BB%D0%B8%D1%82%D0%B8%D0%BA+%D0%B4%D0%B0%D0%BD%D0%BD%D1%8B%D1%85
Младший аналитик-разработчик (SQL),"РЕСО-Гарантия, САО",,https://hh.ru/vacancy/75999592?from=vacancy_search_list&query=%D0%B0%D0%BD%D0%B0%D0%BB%D0%B8%D1%82%D0%B8%D0%BA+%D0%B4%D0%B0%D0%BD%D0%BD%D1%8B%D1%85
Ведущий аналитик,"ПАО «Группа Черкизово», Центральный офис",,https://hh.ru/vacancy/76292223?from=vacancy_search_list&query=%D0%B0%D0%BD%D0%B0%D0%BB%D0%B8%D1%82%D0%B8%D0%BA+%D0%B4%D0%B0%D0%BD%D0%BD%D1%8B%D1%85
Аналитик,"ПАО «Группа Черкизово», Торговый дом",,https://hh.ru/vacancy/76106055?from=vacancy_search_list&query=%D0%B0%D0%BD%D0%B0%D0%BB%D0%B8%D1%82%D0%B8%D0%BA+%D0%B4%D0%B0%D0%BD%D0%BD%D1%8B%D1%85
Аналитик SQL,ПАО МТС Банк. Головной офис,Технопар,https://hh.ru/vacancy/75661786?from=vacancy_search_list&query=%D0%B0%D0%BD%D0%B0%D0%BB%D0%B8%D1%82%D0%B8%D0%BA+%D0%B4%D0%B0%D0%BD%D0%BD%D1%8B%D1%85
"Аналитик данных, Отдел продуктовой аналитики, Группа кросдоменной аналитики",Ozon Информационные технологии,Выставочная и еще 2 ,https://hh.ru/vacancy/75772234?from=vacancy_search_list&query=%D0%B0%D0%BD%D0%B0%D0%BB%D0%B8%D1%82%D0%B8%D0%BA+%D0%B4%D0%B0%D0%BD%D0%BD%D1%8B%D1%85
Бизнес-аналитик,ИП Кузнецова Анастасия Сергеевна,,https://hh.ru/vacancy/76009729?from=vacancy_search_list&query=%D0%B0%D0%BD%D0%B0%D0%BB%D0%B8%D1%82%D0%B8%D0%BA+%D0%B4%D0%B0%D0%BD%D0%BD%D1%8B%D1%85
Менеджер по сбору маркетиновой информации | Менеджер-аналитик,Офис Некст Проджект,,https://hh.ru/vacancy/74195520?from=vacancy_search_list&query=%D0%B0%D0%BD%D0%B0%D0%BB%D0%B8%D1%82%D0%B8%D0%BA+%D0%B4%D0%B0%D0%BD%D0%BD%D1%8B%D1%85
Аналитик,"Компания «СПОРТМАСТЕР», Логистика",,https://hh.ru/vacancy/76016739?from=vacancy_search_list&query=%D0%B0%D0%BD%D0%B0%D0%BB%D0%B8%D1%82%D0%B8%D0%BA+%D0%B4%D0%B0%D0%BD%D0%BD%D1%8B%D1%85
Продуктовый аналитик/Аналитик данных,ПАО Ростелеком,Проспект Вернадског,https://hh.ru/vacancy/76127350?from=vacancy_search_list&query=%D0%B0%D0%BD%D0%B0%D0%BB%D0%B8%D1%82%D0%B8%D0%BA+%D0%B4%D0%B0%D0%BD%D0%BD%D1%8B%D1%85
Аналитик SQL,Сбер для экспертов,,https://hh.ru/vacancy/75791542?from=vacancy_search_list&query=%D0%B0%D0%BD%D0%B0%D0%BB%D0%B8%D1%82%D0%B8%D0%BA+%D0%B4%D0%B0%D0%BD%D0%BD%D1%8B%D1%85
Аналитик данных,СберЛизинг,,https://hh.ru/vacancy/75892043?from=vacancy_search_list&query=%D0%B0%D0%BD%D0%B0%D0%BB%D0%B8%D1%82%D0%B8%D0%BA+%D0%B4%D0%B0%D0%BD%D0%BD%D1%8B%D1%85
Аналитик (FMCG),ООО Перспектива,Таганская,https://hh.ru/vacancy/73239400?from=vacancy_search_list&query=%D0%B0%D0%BD%D0%B0%D0%BB%D0%B8%D1%82%D0%B8%D0%BA+%D0%B4%D0%B0%D0%BD%D0%BD%D1%8B%D1%85
Аналитик (отдел товародвижения),Shop&Show,рьина Рощ,https://hh.ru/vacancy/75667418?from=vacancy_search_list&query=%D0%B0%D0%BD%D0%B0%D0%BB%D0%B8%D1%82%D0%B8%D0%BA+%D0%B4%D0%B0%D0%BD%D0%BD%D1%8B%D1%85
Стажер направления Аналитика,АО ДОМ.РФ,,https://hh.ru/vacancy/75538835?from=vacancy_search_list&query=%D0%B0%D0%BD%D0%B0%D0%BB%D0%B8%D1%82%D0%B8%D0%BA+%D0%B4%D0%B0%D0%BD%D0%BD%D1%8B%D1%85
Аналитик отдела продаж,Staff-UP Consulting Group,,https://hh.ru/vacancy/75671089?from=vacancy_search_list&query=%D0%B0%D0%BD%D0%B0%D0%BB%D0%B8%D1%82%D0%B8%D0%BA+%D0%B4%D0%B0%D0%BD%D0%BD%D1%8B%D1%85
Аналитик данных,ReleaseBand (Шумков Денис Александрович),,https://hh.ru/vacancy/75662019?from=vacancy_search_list&query=%D0%B0%D0%BD%D0%B0%D0%BB%D0%B8%D1%82%D0%B8%D0%BA+%D0%B4%D0%B0%D0%BD%D0%BD%D1%8B%D1%85
Стажер-аналитик по информационной безопасности,КРОК,Площадь Ильича и еще 1 ,https://hh.ru/vacancy/76279134?from=vacancy_search_list&query=%D0%B0%D0%BD%D0%B0%D0%BB%D0%B8%D1%82%D0%B8%D0%BA+%D0%B4%D0%B0%D0%BD%D0%BD%D1%8B%D1%85
Аналитик отдела промо,Верный,Киевская,https://hh.ru/vacancy/75697139?from=vacancy_search_list&query=%D0%B0%D0%BD%D0%B0%D0%BB%D0%B8%D1%82%D0%B8%D0%BA+%D0%B4%D0%B0%D0%BD%D0%BD%D1%8B%D1%85
Аналитик актуарного управления/Актуарий,Страховая группа МАКС,,https://hh.ru/vacancy/71697488?from=vacancy_search_list&query=%D0%B0%D0%BD%D0%B0%D0%BB%D0%B8%D1%82%D0%B8%D0%BA+%D0%B4%D0%B0%D0%BD%D0%BD%D1%8B%D1%85
Аналитик (Прогнозирование и статистика),Дирекция научно-технических программ» (ФГБУ «Дирекция НТП»).,,https://hh.ru/vacancy/75676926?from=vacancy_search_list&query=%D0%B0%D0%BD%D0%B0%D0%BB%D0%B8%D1%82%D0%B8%D0%BA+%D0%B4%D0%B0%D0%BD%D0%BD%D1%8B%D1%85
Аналитик по ценообразованию,ООО Дёке Экстружн,Водный стадион,https://hh.ru/vacancy/73912286?from=vacancy_search_list&query=%D0%B0%D0%BD%D0%B0%D0%BB%D0%B8%D1%82%D0%B8%D0%BA+%D0%B4%D0%B0%D0%BD%D0%BD%D1%8B%D1%85
Бизнес-аналитик,"Стройтрансгаз, ГК",,https://hh.ru/vacancy/75715961?from=vacancy_search_list&query=%D0%B0%D0%BD%D0%B0%D0%BB%D0%B8%D1%82%D0%B8%D0%BA+%D0%B4%D0%B0%D0%BD%D0%BD%D1%8B%D1%85
Аналитик данных (WB),Колобаева Ольга Дмитриевна,,https://hh.ru/vacancy/75533058?from=vacancy_search_list&query=%D0%B0%D0%BD%D0%B0%D0%BB%D0%B8%D1%82%D0%B8%D0%BA+%D0%B4%D0%B0%D0%BD%D0%BD%D1%8B%D1%85
Старший аналитик данных,Teleperformance Russia,,https://hh.ru/vacancy/75531295?from=vacancy_search_list&query=%D0%B0%D0%BD%D0%B0%D0%BB%D0%B8%D1%82%D0%B8%D0%BA+%D0%B4%D0%B0%D0%BD%D0%BD%D1%8B%D1%85
Аналитик BI,ООО Простой маркетинг,,https://hh.ru/vacancy/75751149?from=vacancy_search_list&query=%D0%B0%D0%BD%D0%B0%D0%BB%D0%B8%D1%82%D0%B8%D0%BA+%D0%B4%D0%B0%D0%BD%D0%BD%D1%8B%D1%85
Младший аналитик,ООО GlowByte,Курская,https://hh.ru/vacancy/75539757?from=vacancy_search_list&query=%D0%B0%D0%BD%D0%B0%D0%BB%D0%B8%D1%82%D0%B8%D0%BA+%D0%B4%D0%B0%D0%BD%D0%BD%D1%8B%D1%85
Аналитик маркетплейсов,ЗАО ГК Аккорд,Кожуховская,https://hh.ru/vacancy/75998555?from=vacancy_search_list&query=%D0%B0%D0%BD%D0%B0%D0%BB%D0%B8%D1%82%D0%B8%D0%BA+%D0%B4%D0%B0%D0%BD%D0%BD%D1%8B%D1%85
Аналитик,ЕВРАЗ. Руководители и эксперты в офисе,,https://hh.ru/vacancy/75703721?from=vacancy_search_list&query=%D0%B0%D0%BD%D0%B0%D0%BB%D0%B8%D1%82%D0%B8%D0%BA+%D0%B4%D0%B0%D0%BD%D0%BD%D1%8B%D1%85
Помощник-аналитик (удалённо),ИП Фишер Олег Владимирович,,https://hh.ru/vacancy/75579664?from=vacancy_search_list&query=%D0%B0%D0%BD%D0%B0%D0%BB%D0%B8%D1%82%D0%B8%D0%BA+%D0%B4%D0%B0%D0%BD%D0%BD%D1%8B%D1%85
Web & Ecom analyst/Веб аналитик/ecom аналитик,ООО Туроператор ИНТУРИСТ,Шаболовская,https://hh.ru/vacancy/76672212?from=vacancy_search_list&query=%D0%B0%D0%BD%D0%B0%D0%BB%D0%B8%D1%82%D0%B8%D0%BA+%D0%B4%D0%B0%D0%BD%D0%BD%D1%8B%D1%85
Ведущий аналитик (в одном лице),PUNKT E,,https://hh.ru/vacancy/76688190?from=vacancy_search_list&query=%D0%B0%D0%BD%D0%B0%D0%BB%D0%B8%D1%82%D0%B8%D0%BA+%D0%B4%D0%B0%D0%BD%D0%BD%D1%8B%D1%85
Начинающий бизнес-аналитик (продукты питания),ООО Венда Групп,,https://hh.ru/vacancy/76496805?from=vacancy_search_list&query=%D0%B0%D0%BD%D0%B0%D0%BB%D0%B8%D1%82%D0%B8%D0%BA+%D0%B4%D0%B0%D0%BD%D0%BD%D1%8B%D1%85
Старший аналитик,Frank RG,Динамо и еще 1 ,https://hh.ru/vacancy/76447445?from=vacancy_search_list&query=%D0%B0%D0%BD%D0%B0%D0%BB%D0%B8%D1%82%D0%B8%D0%BA+%D0%B4%D0%B0%D0%BD%D0%BD%D1%8B%D1%85
Commercial Analyst,LVMH Perfumes & Cosmetics Russia (Seldico LLC),,https://hh.ru/vacancy/76717261?from=vacancy_search_list&query=%D0%B0%D0%BD%D0%B0%D0%BB%D0%B8%D1%82%D0%B8%D0%BA+%D0%B4%D0%B0%D0%BD%D0%BD%D1%8B%D1%85
Продуктовый аналитик,Eqvanta,,https://hh.ru/vacancy/74373458?from=vacancy_search_list&query=%D0%B0%D0%BD%D0%B0%D0%BB%D0%B8%D1%82%D0%B8%D0%BA+%D0%B4%D0%B0%D0%BD%D0%BD%D1%8B%D1%85
Аналитик-консультант 1C (управленческий учет),ООО ВИАНТ,,https://hh.ru/vacancy/76009133?from=vacancy_search_list&query=%D0%B0%D0%BD%D0%B0%D0%BB%D0%B8%D1%82%D0%B8%D0%BA+%D0%B4%D0%B0%D0%BD%D0%BD%D1%8B%D1%85
Системный администратор,Пятёрочка. Офис,,https://hh.ru/vacancy/73698510?from=vacancy_search_list&query=%D0%B0%D0%BD%D0%B0%D0%BB%D0%B8%D1%82%D0%B8%D0%BA+%D0%B4%D0%B0%D0%BD%D0%BD%D1%8B%D1%85
Специалист по аналитике продаж региона,билайн,Гражданская и еще 2 ,https://hh.ru/vacancy/76283843?from=vacancy_search_list&query=%D0%B0%D0%BD%D0%B0%D0%BB%D0%B8%D1%82%D0%B8%D0%BA+%D0%B4%D0%B0%D0%BD%D0%BD%D1%8B%D1%85
Web Analyst (зарубежный EdTech),AnyClass,,https://hh.ru/vacancy/75826933?from=vacancy_search_list&query=%D0%B0%D0%BD%D0%B0%D0%BB%D0%B8%D1%82%D0%B8%D0%BA+%D0%B4%D0%B0%D0%BD%D0%BD%D1%8B%D1%85
Бизнес-аналитик,"Витта компани, аптеки Диалог",Новокосин,https://hh.ru/vacancy/74310172?from=vacancy_search_list&query=%D0%B0%D0%BD%D0%B0%D0%BB%D0%B8%D1%82%D0%B8%D0%BA+%D0%B4%D0%B0%D0%BD%D0%BD%D1%8B%D1%85
Менеджер по работе с маркетплейсами (Wildberries OZON),ООО АДАРА,,https://hh.ru/vacancy/69315829?from=vacancy_search_list&query=%D0%B0%D0%BD%D0%B0%D0%BB%D0%B8%D1%82%D0%B8%D0%BA+%D0%B4%D0%B0%D0%BD%D0%BD%D1%8B%D1%85
Специалист по контекстной и таргетированной рекламе (в офис),ООО РИКЦ,Полян,https://hh.ru/vacancy/72689320?from=vacancy_search_list&query=%D0%B0%D0%BD%D0%B0%D0%BB%D0%B8%D1%82%D0%B8%D0%BA+%D0%B4%D0%B0%D0%BD%D0%BD%D1%8B%D1%85
Маркетолог\Ассистент маркетолога,ООО Мастера Ремонта,Площадь Ильича и еще 1 ,https://hh.ru/vacancy/75695026?from=vacancy_search_list&query=%D0%B0%D0%BD%D0%B0%D0%BB%D0%B8%D1%82%D0%B8%D0%BA+%D0%B4%D0%B0%D0%BD%D0%BD%D1%8B%D1%85
Ведущий аналитик,АМТЕХ,,https://hh.ru/vacancy/73726902?from=vacancy_search_list&query=%D0%B0%D0%BD%D0%B0%D0%BB%D0%B8%D1%82%D0%B8%D0%BA+%D0%B4%D0%B0%D0%BD%D0%BD%D1%8B%D1%85
Старший аналитик/Старший исследователь,GfK Rus,,https://hh.ru/vacancy/76406383?from=vacancy_search_list&query=%D0%B0%D0%BD%D0%B0%D0%BB%D0%B8%D1%82%D0%B8%D0%BA+%D0%B4%D0%B0%D0%BD%D0%BD%D1%8B%D1%85
Разработчик систем бизнес-аналитики,Увелка ООО «Ресурс»,Улица 1905 год,https://hh.ru/vacancy/76635799?from=vacancy_search_list&query=%D0%B0%D0%BD%D0%B0%D0%BB%D0%B8%D1%82%D0%B8%D0%BA+%D0%B4%D0%B0%D0%BD%D0%BD%D1%8B%D1%85
Маркетолог-аналитик,ГК Лит Трейдинг,,https://hh.ru/vacancy/76006580?from=vacancy_search_list&query=%D0%B0%D0%BD%D0%B0%D0%BB%D0%B8%D1%82%D0%B8%D0%BA+%D0%B4%D0%B0%D0%BD%D0%BD%D1%8B%D1%85
Системный аналитик,ООО Медиа Ком,,https://hh.ru/vacancy/76705296?from=vacancy_search_list&query=%D0%B0%D0%BD%D0%B0%D0%BB%D0%B8%D1%82%D0%B8%D0%BA+%D0%B4%D0%B0%D0%BD%D0%BD%D1%8B%D1%85
Игровой аналитик (Game/Business analyst),Sidus Gates IT Services L.L.C,,https://hh.ru/vacancy/76733632?from=vacancy_search_list&query=%D0%B0%D0%BD%D0%B0%D0%BB%D0%B8%D1%82%D0%B8%D0%BA+%D0%B4%D0%B0%D0%BD%D0%BD%D1%8B%D1%85
Аналитик/Делопроизводитель,ООО ДС Гринснаб,,https://hh.ru/vacancy/76677500?from=vacancy_search_list&query=%D0%B0%D0%BD%D0%B0%D0%BB%D0%B8%D1%82%D0%B8%D0%BA+%D0%B4%D0%B0%D0%BD%D0%BD%D1%8B%D1%85
Аналитик,Navicon,Дубр,https://hh.ru/vacancy/76343432?from=vacancy_search_list&query=%D0%B0%D0%BD%D0%B0%D0%BB%D0%B8%D1%82%D0%B8%D0%BA+%D0%B4%D0%B0%D0%BD%D0%BD%D1%8B%D1%85
Бизнес аналитик,ООО Домиленд,,https://hh.ru/vacancy/75669663?from=vacancy_search_list&query=%D0%B0%D0%BD%D0%B0%D0%BB%D0%B8%D1%82%D0%B8%D0%BA+%D0%B4%D0%B0%D0%BD%D0%BD%D1%8B%D1%85
Эксперт по анализу данных,"Компания «СПОРТМАСТЕР», Офис",,https://hh.ru/vacancy/76737063?from=vacancy_search_list&query=%D0%B0%D0%BD%D0%B0%D0%BB%D0%B8%D1%82%D0%B8%D0%BA+%D0%B4%D0%B0%D0%BD%D0%BD%D1%8B%D1%85
Системный аналитик,Триафлай,Кузнецкий мост,https://hh.ru/vacancy/75578739?from=vacancy_search_list&query=%D0%B0%D0%BD%D0%B0%D0%BB%D0%B8%D1%82%D0%B8%D0%BA+%D0%B4%D0%B0%D0%BD%D0%BD%D1%8B%D1%85
Помощник в отдел Контекстной рекламы,ООО Результат,,https://hh.ru/vacancy/75960520?from=vacancy_search_list&query=%D0%B0%D0%BD%D0%B0%D0%BB%D0%B8%D1%82%D0%B8%D0%BA+%D0%B4%D0%B0%D0%BD%D0%BD%D1%8B%D1%85
Руководитель отдела аналитики и планирования (товарно-финансовое планирование),Группа компаний АЯК,Авиамоторная,https://hh.ru/vacancy/76411328?from=vacancy_search_list&query=%D0%B0%D0%BD%D0%B0%D0%BB%D0%B8%D1%82%D0%B8%D0%BA+%D0%B4%D0%B0%D0%BD%D0%BD%D1%8B%D1%85
"Бизнес-аналитик ( Power BI, Power Query, DAX)",MERLION: IT,якинин,https://hh.ru/vacancy/76667339?from=vacancy_search_list&query=%D0%B0%D0%BD%D0%B0%D0%BB%D0%B8%D1%82%D0%B8%D0%BA+%D0%B4%D0%B0%D0%BD%D0%BD%D1%8B%D1%85
Аналитик по планированию и управлению товарного запаса,ООО ФИНТЕХ СТАНДАРТ,,https://hh.ru/vacancy/76080404?from=vacancy_search_list&query=%D0%B0%D0%BD%D0%B0%D0%BB%D0%B8%D1%82%D0%B8%D0%BA+%D0%B4%D0%B0%D0%BD%D0%BD%D1%8B%D1%85
Маркетолог/ Менеджер по работе с маркетплейсами (удаленно),K&T,,https://hh.ru/vacancy/75697852?from=vacancy_search_list&query=%D0%B0%D0%BD%D0%B0%D0%BB%D0%B8%D1%82%D0%B8%D0%BA+%D0%B4%D0%B0%D0%BD%D0%BD%D1%8B%D1%85
Marketing Analyst,Метр квадратный,,https://hh.ru/vacancy/76038884?from=vacancy_search_list&query=%D0%B0%D0%BD%D0%B0%D0%BB%D0%B8%D1%82%D0%B8%D0%BA+%D0%B4%D0%B0%D0%BD%D0%BD%D1%8B%D1%85
Менеджер по работе с маркетплейсами (wb),AIST (ИП Изотова Ирина Юрьевна),,https://hh.ru/vacancy/76684201?from=vacancy_search_list&query=%D0%B0%D0%BD%D0%B0%D0%BB%D0%B8%D1%82%D0%B8%D0%BA+%D0%B4%D0%B0%D0%BD%D0%BD%D1%8B%D1%85
Аналитик BI/Разработчик,Российский футбольный союз,Таганская,https://hh.ru/vacancy/72009138?from=vacancy_search_list&query=%D0%B0%D0%BD%D0%B0%D0%BB%D0%B8%D1%82%D0%B8%D0%BA+%D0%B4%D0%B0%D0%BD%D0%BD%D1%8B%D1%85
Разработчик в области машинного обучения и больших данных,ЕМЕ,,https://hh.ru/vacancy/76282488?from=vacancy_search_list&query=%D0%B0%D0%BD%D0%B0%D0%BB%D0%B8%D1%82%D0%B8%D0%BA+%D0%B4%D0%B0%D0%BD%D0%BD%D1%8B%D1%85
Младший специалист по контекстной рекламе,ООО Результат,,https://hh.ru/vacancy/76237100?from=vacancy_search_list&query=%D0%B0%D0%BD%D0%B0%D0%BB%D0%B8%D1%82%D0%B8%D0%BA+%D0%B4%D0%B0%D0%BD%D0%BD%D1%8B%D1%85
Специалист по развитию маркетплейс (Project),NATUROTEKA,,https://hh.ru/vacancy/76242240?from=vacancy_search_list&query=%D0%B0%D0%BD%D0%B0%D0%BB%D0%B8%D1%82%D0%B8%D0%BA+%D0%B4%D0%B0%D0%BD%D0%BD%D1%8B%D1%85
Junior Analyst BI,Первый Бит,Фрунзенская,https://hh.ru/vacancy/76569515?from=vacancy_search_list&query=%D0%B0%D0%BD%D0%B0%D0%BB%D0%B8%D1%82%D0%B8%D0%BA+%D0%B4%D0%B0%D0%BD%D0%BD%D1%8B%D1%85
Заместитель начальника отдела анализа и контроля качества данных (Аналитик данных),Федеральная налоговая служба (ФНС России),Кузнецкий мост и еще 1 ,https://hh.ru/vacancy/73171668?from=vacancy_search_list&query=%D0%B0%D0%BD%D0%B0%D0%BB%D0%B8%D1%82%D0%B8%D0%BA+%D0%B4%D0%B0%D0%BD%D0%BD%D1%8B%D1%85
"Аналитик корпоративных массивов данных (с навыками в Data Science, Machine Learning)",ЭкспрессДеньги,Выставочная и еще 2 ,https://hh.ru/vacancy/76385297?from=vacancy_search_list&query=%D0%B0%D0%BD%D0%B0%D0%BB%D0%B8%D1%82%D0%B8%D0%BA+%D0%B4%D0%B0%D0%BD%D0%BD%D1%8B%D1%85
Бизнес-аналитик,ООО ТолкФинанс,,https://hh.ru/vacancy/75826876?from=vacancy_search_list&query=%D0%B0%D0%BD%D0%B0%D0%BB%D0%B8%D1%82%D0%B8%D0%BA+%D0%B4%D0%B0%D0%BD%D0%BD%D1%8B%D1%85
Аналитик по розничному ценообразованию,Армтек,Алтуфьево и еще 1 ,https://hh.ru/vacancy/76646483?from=vacancy_search_list&query=%D0%B0%D0%BD%D0%B0%D0%BB%D0%B8%D1%82%D0%B8%D0%BA+%D0%B4%D0%B0%D0%BD%D0%BD%D1%8B%D1%85
Младший системный аналитик,"VK, Рекламные технологии",Аэропорт,https://hh.ru/vacancy/76493057?from=vacancy_search_list&query=%D0%B0%D0%BD%D0%B0%D0%BB%D0%B8%D1%82%D0%B8%D0%BA+%D0%B4%D0%B0%D0%BD%D0%BD%D1%8B%D1%85
Маркетолог-аналитик по работе с маркетплейсом Wildberries,ИП Найдович Злата Павловна,Деловой центр,https://hh.ru/vacancy/76607516?from=vacancy_search_list&query=%D0%B0%D0%BD%D0%B0%D0%BB%D0%B8%D1%82%D0%B8%D0%BA+%D0%B4%D0%B0%D0%BD%D0%BD%D1%8B%D1%85
Продуктовый аналитик,HR Prime,,https://hh.ru/vacancy/76678699?from=vacancy_search_list&query=%D0%B0%D0%BD%D0%B0%D0%BB%D0%B8%D1%82%D0%B8%D0%BA+%D0%B4%D0%B0%D0%BD%D0%BD%D1%8B%D1%85
Экономист-аналитик,ООО Бриг,Пражская,https://hh.ru/vacancy/76109429?from=vacancy_search_list&query=%D0%B0%D0%BD%D0%B0%D0%BB%D0%B8%D1%82%D0%B8%D0%BA+%D0%B4%D0%B0%D0%BD%D0%BD%D1%8B%D1%85
Системный аналитик,ООО Концерн Монарх,Динам,https://hh.ru/vacancy/75536950?from=vacancy_search_list&query=%D0%B0%D0%BD%D0%B0%D0%BB%D0%B8%D1%82%D0%B8%D0%BA+%D0%B4%D0%B0%D0%BD%D0%BD%D1%8B%D1%85
Аналитик (блок розничного бизнеса),Московский Кредитный Банк. Профессионалы,Деловой центр,https://hh.ru/vacancy/76605775?from=vacancy_search_list&query=%D0%B0%D0%BD%D0%B0%D0%BB%D0%B8%D1%82%D0%B8%D0%BA+%D0%B4%D0%B0%D0%BD%D0%BD%D1%8B%D1%85
Веб-аналитик,ГКУ города Москвы Центр занятости населения города Москвы,Смоленская,https://hh.ru/vacancy/74195310?from=vacancy_search_list&query=%D0%B0%D0%BD%D0%B0%D0%BB%D0%B8%D1%82%D0%B8%D0%BA+%D0%B4%D0%B0%D0%BD%D0%BD%D1%8B%D1%85
Заместитель начальника информационно-аналитического отдела,ФГБУ «Центр оценки качества зерна»,,https://hh.ru/vacancy/76732793?from=vacancy_search_list&query=%D0%B0%D0%BD%D0%B0%D0%BB%D0%B8%D1%82%D0%B8%D0%BA+%D0%B4%D0%B0%D0%BD%D0%BD%D1%8B%D1%85
Аналитик-консультант по ЕПС и XBRL,ООО ЛЕМОНКОД,Октябрьская и еще 2 ,https://hh.ru/vacancy/75887880?from=vacancy_search_list&query=%D0%B0%D0%BD%D0%B0%D0%BB%D0%B8%D1%82%D0%B8%D0%BA+%D0%B4%D0%B0%D0%BD%D0%BD%D1%8B%D1%85
Project manager / Customer success manager,ООО DataGo!,,https://hh.ru/vacancy/75770112?from=vacancy_search_list&query=%D0%B0%D0%BD%D0%B0%D0%BB%D0%B8%D1%82%D0%B8%D0%BA+%D0%B4%D0%B0%D0%BD%D0%BD%D1%8B%D1%85
Руководитель направления конкурентного анализа Лавки,Яндекс,,https://hh.ru/vacancy/75520535?from=vacancy_search_list&query=%D0%B0%D0%BD%D0%B0%D0%BB%D0%B8%D1%82%D0%B8%D0%BA+%D0%B4%D0%B0%D0%BD%D0%BD%D1%8B%D1%85
Старший эксперт по аналитике,"билайн: ИТ, Data, Digital",,https://hh.ru/vacancy/75521058?from=vacancy_search_list&query=%D0%B0%D0%BD%D0%B0%D0%BB%D0%B8%D1%82%D0%B8%D0%BA+%D0%B4%D0%B0%D0%BD%D0%BD%D1%8B%D1%85
Аналитик продаж,ООО Лудинг,Аминьевская и еще 3 ,https://hh.ru/vacancy/75529118?from=vacancy_search_list&query=%D0%B0%D0%BD%D0%B0%D0%BB%D0%B8%D1%82%D0%B8%D0%BA+%D0%B4%D0%B0%D0%BD%D0%BD%D1%8B%D1%85
Маркетолог,Polymedia,,https://hh.ru/vacancy/76702314?from=vacancy_search_list&query=%D0%B0%D0%BD%D0%B0%D0%BB%D0%B8%D1%82%D0%B8%D0%BA+%D0%B4%D0%B0%D0%BD%D0%BD%D1%8B%D1%85
Старший системный аналитик (Удалённо на территории РФ),ООО Ёж Технологии,,https://hh.ru/vacancy/75565450?from=vacancy_search_list&query=%D0%B0%D0%BD%D0%B0%D0%BB%D0%B8%D1%82%D0%B8%D0%BA+%D0%B4%D0%B0%D0%BD%D0%BD%D1%8B%D1%85
Data engineer,Группа Самолет,,https://hh.ru/vacancy/76492442?from=vacancy_search_list&query=%D0%B0%D0%BD%D0%B0%D0%BB%D0%B8%D1%82%D0%B8%D0%BA+%D0%B4%D0%B0%D0%BD%D0%BD%D1%8B%D1%85
Аналитик внедрения (DLP),Ростелеком-Солар,Савёловская,https://hh.ru/vacancy/76714753?from=vacancy_search_list&query=%D0%B0%D0%BD%D0%B0%D0%BB%D0%B8%D1%82%D0%B8%D0%BA+%D0%B4%D0%B0%D0%BD%D0%BD%D1%8B%D1%85
Главный аналитик,Почта Банк,Преображенская площадь,https://hh.ru/vacancy/76654022?from=vacancy_search_list&query=%D0%B0%D0%BD%D0%B0%D0%BB%D0%B8%D1%82%D0%B8%D0%BA+%D0%B4%D0%B0%D0%BD%D0%BD%D1%8B%D1%85
Аналитик по управлению товарными запасами,KAN,Румянце,https://hh.ru/vacancy/75752652?from=vacancy_search_list&query=%D0%B0%D0%BD%D0%B0%D0%BB%D0%B8%D1%82%D0%B8%D0%BA+%D0%B4%D0%B0%D0%BD%D0%BD%D1%8B%D1%85
Консультант Axapta,SUCDEN,Красные ворот,https://hh.ru/vacancy/76261868?from=vacancy_search_list&query=%D0%B0%D0%BD%D0%B0%D0%BB%D0%B8%D1%82%D0%B8%D0%BA+%D0%B4%D0%B0%D0%BD%D0%BD%D1%8B%D1%85
Старший аналитик,ЗАО Ступинский химический завод,Автозаводская и еще 2 ,https://hh.ru/vacancy/76664474?from=vacancy_search_list&query=%D0%B0%D0%BD%D0%B0%D0%BB%D0%B8%D1%82%D0%B8%D0%BA+%D0%B4%D0%B0%D0%BD%D0%BD%D1%8B%D1%85
Ведущий продуктовый аналитик (Ценообразование),Леруа Мерлен. Центральный офис,,https://hh.ru/vacancy/76333967?from=vacancy_search_list&query=%D0%B0%D0%BD%D0%B0%D0%BB%D0%B8%D1%82%D0%B8%D0%BA+%D0%B4%D0%B0%D0%BD%D0%BD%D1%8B%D1%85
Руководитель Департамента аналитики в Практикум,Яндекс,,https://hh.ru/vacancy/76591631?from=vacancy_search_list&query=%D0%B0%D0%BD%D0%B0%D0%BB%D0%B8%D1%82%D0%B8%D0%BA+%D0%B4%D0%B0%D0%BD%D0%BD%D1%8B%D1%85
WEB-аналитик,ООО ФЛАУВАУ,Сухаревская,https://hh.ru/vacancy/76412397?from=vacancy_search_list&query=%D0%B0%D0%BD%D0%B0%D0%BB%D0%B8%D1%82%D0%B8%D0%BA+%D0%B4%D0%B0%D0%BD%D0%BD%D1%8B%D1%85
Маркетолог-аналитик рынка недвижимости (девелопмент),Группа Самолет,,https://hh.ru/vacancy/73310379?from=vacancy_search_list&query=%D0%B0%D0%BD%D0%B0%D0%BB%D0%B8%D1%82%D0%B8%D0%BA+%D0%B4%D0%B0%D0%BD%D0%BD%D1%8B%D1%85
Экономист,ООО Региональная Сеть Предприятий Питания,,https://hh.ru/vacancy/76619825?from=vacancy_search_list&query=%D0%B0%D0%BD%D0%B0%D0%BB%D0%B8%D1%82%D0%B8%D0%BA+%D0%B4%D0%B0%D0%BD%D0%BD%D1%8B%D1%85
Web-аналитик (fashion),ДжамильКо,Кузнецкий мост и еще 2 ,https://hh.ru/vacancy/75918268?from=vacancy_search_list&query=%D0%B0%D0%BD%D0%B0%D0%BB%D0%B8%D1%82%D0%B8%D0%BA+%D0%B4%D0%B0%D0%BD%D0%BD%D1%8B%D1%85
Senior продуктовый аналитик в команду отелей сервиса путешествий,Туту.ру,Нагатинская,https://hh.ru/vacancy/72033479?from=vacancy_search_list&query=%D0%B0%D0%BD%D0%B0%D0%BB%D0%B8%D1%82%D0%B8%D0%BA+%D0%B4%D0%B0%D0%BD%D0%BD%D1%8B%D1%85
Системный аналитик / Бизнес аналитик,СИГМА,,https://hh.ru/vacancy/76529182?from=vacancy_search_list&query=%D0%B0%D0%BD%D0%B0%D0%BB%D0%B8%D1%82%D0%B8%D0%BA+%D0%B4%D0%B0%D0%BD%D0%BD%D1%8B%D1%85
CPA-маркетолог,ООО ИНГЛИШ ТОЧКА,,https://hh.ru/vacancy/76685557?from=vacancy_search_list&query=%D0%B0%D0%BD%D0%B0%D0%BB%D0%B8%D1%82%D0%B8%D0%BA+%D0%B4%D0%B0%D0%BD%D0%BD%D1%8B%D1%85
Финансист-экономист по Wildberries (Удаленно),ИП Косых Анна Васильевна,,https://hh.ru/vacancy/76670148?from=vacancy_search_list&query=%D0%B0%D0%BD%D0%B0%D0%BB%D0%B8%D1%82%D0%B8%D0%BA+%D0%B4%D0%B0%D0%BD%D0%BD%D1%8B%D1%85
Контент-менеджер по маркетплейсам,Brands Go Digital,,https://hh.ru/vacancy/76681176?from=vacancy_search_list&query=%D0%B0%D0%BD%D0%B0%D0%BB%D0%B8%D1%82%D0%B8%D0%BA+%D0%B4%D0%B0%D0%BD%D0%BD%D1%8B%D1%85
Аналитик отдела продаж,Manpower,,https://hh.ru/vacancy/76411108?from=vacancy_search_list&query=%D0%B0%D0%BD%D0%B0%D0%BB%D0%B8%D1%82%D0%B8%D0%BA+%D0%B4%D0%B0%D0%BD%D0%BD%D1%8B%D1%85
Менеджер по маркетплейсам,ООО Северо-Западная Консалтинговая Компания,Пятницкое шоссе,https://hh.ru/vacancy/76611091?from=vacancy_search_list&query=%D0%B0%D0%BD%D0%B0%D0%BB%D0%B8%D1%82%D0%B8%D0%BA+%D0%B4%D0%B0%D0%BD%D0%BD%D1%8B%D1%85
Web product analyst,ООО Диджитал Лайн,,https://hh.ru/vacancy/73996005?from=vacancy_search_list&query=%D0%B0%D0%BD%D0%B0%D0%BB%D0%B8%D1%82%D0%B8%D0%BA+%D0%B4%D0%B0%D0%BD%D0%BD%D1%8B%D1%85
Маркетолог-аналитик,ООО Винный Дом Инкерман,,https://hh.ru/vacancy/76149758?from=vacancy_search_list&query=%D0%B0%D0%BD%D0%B0%D0%BB%D0%B8%D1%82%D0%B8%D0%BA+%D0%B4%D0%B0%D0%BD%D0%BD%D1%8B%D1%85
Аналитик по продажам/Менеджер по планированию спроса (FMCG),ООО Перспектива,Таганская,https://hh.ru/vacancy/76684348?from=vacancy_search_list&query=%D0%B0%D0%BD%D0%B0%D0%BB%D0%B8%D1%82%D0%B8%D0%BA+%D0%B4%D0%B0%D0%BD%D0%BD%D1%8B%D1%85
Data Scientist middle+/Senior,ИП Мамаева Ирина Анатольевна,,https://hh.ru/vacancy/76032045?from=vacancy_search_list&query=%D0%B0%D0%BD%D0%B0%D0%BB%D0%B8%D1%82%D0%B8%D0%BA+%D0%B4%D0%B0%D0%BD%D0%BD%D1%8B%D1%85
Финансовый аналитик,KFC (Интернэшнл Ресторант Брэндс),,https://hh.ru/vacancy/75860448?from=vacancy_search_list&query=%D0%B0%D0%BD%D0%B0%D0%BB%D0%B8%D1%82%D0%B8%D0%BA+%D0%B4%D0%B0%D0%BD%D0%BD%D1%8B%D1%85
Аналитик (финансовые риски),ПАО Ростелеком,,https://hh.ru/vacancy/73084794?from=vacancy_search_list&query=%D0%B0%D0%BD%D0%B0%D0%BB%D0%B8%D1%82%D0%B8%D0%BA+%D0%B4%D0%B0%D0%BD%D0%BD%D1%8B%D1%85
Маркетолог-Аналитик программ лояльности,Франчайзинговая розничная сеть Галамарт,Парк культуры и еще 1 ,https://hh.ru/vacancy/75945398?from=vacancy_search_list&query=%D0%B0%D0%BD%D0%B0%D0%BB%D0%B8%D1%82%D0%B8%D0%BA+%D0%B4%D0%B0%D0%BD%D0%BD%D1%8B%D1%85
CRM-маркетолог,Цифровая HR платформа,Красный Балтиец и еще 1 ,https://hh.ru/vacancy/72323410?from=vacancy_search_list&query=%D0%B0%D0%BD%D0%B0%D0%BB%D0%B8%D1%82%D0%B8%D0%BA+%D0%B4%D0%B0%D0%BD%D0%BD%D1%8B%D1%85
Специалист по ведению расчетов и данных,АО Банк ДОМ.РФ,Динамо и еще 1 ,https://hh.ru/vacancy/76552038?from=vacancy_search_list&query=%D0%B0%D0%BD%D0%B0%D0%BB%D0%B8%D1%82%D0%B8%D0%BA+%D0%B4%D0%B0%D0%BD%D0%BD%D1%8B%D1%85
"Аналитик (IT, экономика, информатика)",ГБУ Информационно-Консультационный Центр Департамента Культуры Города Москвы,,https://hh.ru/vacancy/76377156?from=vacancy_search_list&query=%D0%B0%D0%BD%D0%B0%D0%BB%D0%B8%D1%82%D0%B8%D0%BA+%D0%B4%D0%B0%D0%BD%D0%BD%D1%8B%D1%85
Аналитик-экономист,Ozon fresh,Выставочная и еще 2 ,https://hh.ru/vacancy/75982348?from=vacancy_search_list&query=%D0%B0%D0%BD%D0%B0%D0%BB%D0%B8%D1%82%D0%B8%D0%BA+%D0%B4%D0%B0%D0%BD%D0%BD%D1%8B%D1%85
Главный эксперт по анализу данных (data analyst/data scientist/аналитик данных),ПАО АК АЛРОСА,,https://hh.ru/vacancy/75530182?from=vacancy_search_list&query=%D0%B0%D0%BD%D0%B0%D0%BB%D0%B8%D1%82%D0%B8%D0%BA+%D0%B4%D0%B0%D0%BD%D0%BD%D1%8B%D1%85
Младший Бренд-менеджер / Junior Brand Manager,Тайди,Павелецкая и еще 1 ,https://hh.ru/vacancy/76734358?from=vacancy_search_list&query=%D0%B0%D0%BD%D0%B0%D0%BB%D0%B8%D1%82%D0%B8%D0%BA+%D0%B4%D0%B0%D0%BD%D0%BD%D1%8B%D1%85
Аналитик,ФКУ Информационные технологии в Социальной Сфере,,https://hh.ru/vacancy/71234509?from=vacancy_search_list&query=%D0%B0%D0%BD%D0%B0%D0%BB%D0%B8%D1%82%D0%B8%D0%BA+%D0%B4%D0%B0%D0%BD%D0%BD%D1%8B%D1%85
Менеджер по работе с маркетплейсами (удаленно),ООО СофтЭффект,,https://hh.ru/vacancy/76590724?from=vacancy_search_list&query=%D0%B0%D0%BD%D0%B0%D0%BB%D0%B8%D1%82%D0%B8%D0%BA+%D0%B4%D0%B0%D0%BD%D0%BD%D1%8B%D1%85
Главный специалист Управления менеджмента кредитного портфеля,АО ИНТЕРПРОГРЕССБАНК,Варшавская и еще 2 ,https://hh.ru/vacancy/75683931?from=vacancy_search_list&query=%D0%B0%D0%BD%D0%B0%D0%BB%D0%B8%D1%82%D0%B8%D0%BA+%D0%B4%D0%B0%D0%BD%D0%BD%D1%8B%D1%85
Финансовый аналитик в Доставку,Яндекс,,https://hh.ru/vacancy/76713431?from=vacancy_search_list&query=%D0%B0%D0%BD%D0%B0%D0%BB%D0%B8%D1%82%D0%B8%D0%BA+%D0%B4%D0%B0%D0%BD%D0%BD%D1%8B%D1%85
Аналитик HR,БорисХоф,Беговая,https://hh.ru/vacancy/73891458?from=vacancy_search_list&query=%D0%B0%D0%BD%D0%B0%D0%BB%D0%B8%D1%82%D0%B8%D0%BA+%D0%B4%D0%B0%D0%BD%D0%BD%D1%8B%D1%85
Руководитель отдела аналитики,S8 Capital,,https://hh.ru/vacancy/76664997?from=vacancy_search_list&query=%D0%B0%D0%BD%D0%B0%D0%BB%D0%B8%D1%82%D0%B8%D0%BA+%D0%B4%D0%B0%D0%BD%D0%BD%D1%8B%D1%85
Системный аналитик,Финансовое Агентство по Сбору Платежей,,https://hh.ru/vacancy/76531915?from=vacancy_search_list&query=%D0%B0%D0%BD%D0%B0%D0%BB%D0%B8%D1%82%D0%B8%D0%BA+%D0%B4%D0%B0%D0%BD%D0%BD%D1%8B%D1%85
Специалист по контекстной рекламе/трафик-менеджер/интернет-маркетолог/PPC-специалист,Soroka Marketing,,https://hh.ru/vacancy/75846969?from=vacancy_search_list&query=%D0%B0%D0%BD%D0%B0%D0%BB%D0%B8%D1%82%D0%B8%D0%BA+%D0%B4%D0%B0%D0%BD%D0%BD%D1%8B%D1%85
"Менеджер (специалист) по работе с маркетплейсом Валберис (Wildberries), удаленно (из дома)",ООО ДАМАСКА,,https://hh.ru/vacancy/76135879?from=vacancy_search_list&query=%D0%B0%D0%BD%D0%B0%D0%BB%D0%B8%D1%82%D0%B8%D0%BA+%D0%B4%D0%B0%D0%BD%D0%BD%D1%8B%D1%85
Аналитик департамента продакт-маркетинга,POLARIS,,https://hh.ru/vacancy/74356447?from=vacancy_search_list&query=%D0%B0%D0%BD%D0%B0%D0%BB%D0%B8%D1%82%D0%B8%D0%BA+%D0%B4%D0%B0%D0%BD%D0%BD%D1%8B%D1%85
Старший специалист в Службу развития и координации бизнеса,ВТБ Факторинг,Выставочная и еще 2 ,https://hh.ru/vacancy/76467849?from=vacancy_search_list&query=%D0%B0%D0%BD%D0%B0%D0%BB%D0%B8%D1%82%D0%B8%D0%BA+%D0%B4%D0%B0%D0%BD%D0%BD%D1%8B%D1%85
Веб-аналитик,"Компания «СПОРТМАСТЕР», Управление бизнесами",Аэропорт,https://hh.ru/vacancy/69985032?from=vacancy_search_list&query=%D0%B0%D0%BD%D0%B0%D0%BB%D0%B8%D1%82%D0%B8%D0%BA+%D0%B4%D0%B0%D0%BD%D0%BD%D1%8B%D1%85
Аналитик отдела продаж,Москворечье Трейдинг,Шоссе Энтузиаст,https://hh.ru/vacancy/76289442?from=vacancy_search_list&query=%D0%B0%D0%BD%D0%B0%D0%BB%D0%B8%D1%82%D0%B8%D0%BA+%D0%B4%D0%B0%D0%BD%D0%BD%D1%8B%D1%85
Ведущий аналитик Департамента продаж,ЭРКОНПРОДУКТ,Улица 1905 год,https://hh.ru/vacancy/71753588?from=vacancy_search_list&query=%D0%B0%D0%BD%D0%B0%D0%BB%D0%B8%D1%82%D0%B8%D0%BA+%D0%B4%D0%B0%D0%BD%D0%BD%D1%8B%D1%85
Аналитик,ФГУП НПП Гамма,Калужская,https://hh.ru/vacancy/76043411?from=vacancy_search_list&query=%D0%B0%D0%BD%D0%B0%D0%BB%D0%B8%D1%82%D0%B8%D0%BA+%D0%B4%D0%B0%D0%BD%D0%BD%D1%8B%D1%85
Финансовый аналитик,ООО ГПМ Партнер,,https://hh.ru/vacancy/75614121?from=vacancy_search_list&query=%D0%B0%D0%BD%D0%B0%D0%BB%D0%B8%D1%82%D0%B8%D0%BA+%D0%B4%D0%B0%D0%BD%D0%BD%D1%8B%D1%85
Аналитик (Domain Data Warehouse),ЗАО Группа компаний С7,Кузнецкий мост и еще 2 ,https://hh.ru/vacancy/76222353?from=vacancy_search_list&query=%D0%B0%D0%BD%D0%B0%D0%BB%D0%B8%D1%82%D0%B8%D0%BA+%D0%B4%D0%B0%D0%BD%D0%BD%D1%8B%D1%85
Менеджер по бизнес-аналитике и финансовому анализу,ООО Чижик,,https://hh.ru/vacancy/76128893?from=vacancy_search_list&query=%D0%B0%D0%BD%D0%B0%D0%BB%D0%B8%D1%82%D0%B8%D0%BA+%D0%B4%D0%B0%D0%BD%D0%BD%D1%8B%D1%85
Руководитель проекта,"РЕСО-Гарантия, САО",Верхние Котлы и еще 1 ,https://hh.ru/vacancy/76345034?from=vacancy_search_list&query=%D0%B0%D0%BD%D0%B0%D0%BB%D0%B8%D1%82%D0%B8%D0%BA+%D0%B4%D0%B0%D0%BD%D0%BD%D1%8B%D1%85
Системный аналитик,ООО Транснефтьэнерго,Выставочная,https://hh.ru/vacancy/75713629?from=vacancy_search_list&query=%D0%B0%D0%BD%D0%B0%D0%BB%D0%B8%D1%82%D0%B8%D0%BA+%D0%B4%D0%B0%D0%BD%D0%BD%D1%8B%D1%85
BI аналитик,"Петрович, Строительный Торговый Дом",,https://hh.ru/vacancy/73355331?from=vacancy_search_list&query=%D0%B0%D0%BD%D0%B0%D0%BB%D0%B8%D1%82%D0%B8%D0%BA+%D0%B4%D0%B0%D0%BD%D0%BD%D1%8B%D1%85
Аналитик тестирования,АО К-ТЕХНОЛОГИИ,,https://hh.ru/vacancy/76711758?from=vacancy_search_list&query=%D0%B0%D0%BD%D0%B0%D0%BB%D0%B8%D1%82%D0%B8%D0%BA+%D0%B4%D0%B0%D0%BD%D0%BD%D1%8B%D1%85
Трафик-менеджер,ООО Умные Устройства,,https://hh.ru/vacancy/76032926?from=vacancy_search_list&query=%D0%B0%D0%BD%D0%B0%D0%BB%D0%B8%D1%82%D0%B8%D0%BA+%D0%B4%D0%B0%D0%BD%D0%BD%D1%8B%D1%85
Менеджер по работе с маркетплейсами,ООО Арттекс,Автозаводская,https://hh.ru/vacancy/76641866?from=vacancy_search_list&query=%D0%B0%D0%BD%D0%B0%D0%BB%D0%B8%D1%82%D0%B8%D0%BA+%D0%B4%D0%B0%D0%BD%D0%BD%D1%8B%D1%85
Финансовый менеджер,PELVICMED,,https://hh.ru/vacancy/76049294?from=vacancy_search_list&query=%D0%B0%D0%BD%D0%B0%D0%BB%D0%B8%D1%82%D0%B8%D0%BA+%D0%B4%D0%B0%D0%BD%D0%BD%D1%8B%D1%85
Аналитик (прогнозирование потоков товародвижения),М.Видео-Эльдорадо. Офис,Бауманская,https://hh.ru/vacancy/76419069?from=vacancy_search_list&query=%D0%B0%D0%BD%D0%B0%D0%BB%D0%B8%D1%82%D0%B8%D0%BA+%D0%B4%D0%B0%D0%BD%D0%BD%D1%8B%D1%85
Lead Data Scientist,Sensemachine,,https://hh.ru/vacancy/75920088?from=vacancy_search_list&query=%D0%B0%D0%BD%D0%B0%D0%BB%D0%B8%D1%82%D0%B8%D0%BA+%D0%B4%D0%B0%D0%BD%D0%BD%D1%8B%D1%85
Аналитик 1С,ВкусВилл. Офис,Строгин,https://hh.ru/vacancy/76676116?from=vacancy_search_list&query=%D0%B0%D0%BD%D0%B0%D0%BB%D0%B8%D1%82%D0%B8%D0%BA+%D0%B4%D0%B0%D0%BD%D0%BD%D1%8B%D1%85
Интернет-маркетолог,ООО Юми,,https://hh.ru/vacancy/75862015?from=vacancy_search_list&query=%D0%B0%D0%BD%D0%B0%D0%BB%D0%B8%D1%82%D0%B8%D0%BA+%D0%B4%D0%B0%D0%BD%D0%BD%D1%8B%D1%85
Системный аналитик (корпоративных шин данных ESB),ООО ТАНАИС,Курская и еще 1 ,https://hh.ru/vacancy/76667203?from=vacancy_search_list&query=%D0%B0%D0%BD%D0%B0%D0%BB%D0%B8%D1%82%D0%B8%D0%BA+%D0%B4%D0%B0%D0%BD%D0%BD%D1%8B%D1%85
Ведущий бизнес-аналитик,Самокат (ООО Умный ритейл),,https://hh.ru/vacancy/75641188?from=vacancy_search_list&query=%D0%B0%D0%BD%D0%B0%D0%BB%D0%B8%D1%82%D0%B8%D0%BA+%D0%B4%D0%B0%D0%BD%D0%BD%D1%8B%D1%85
Senior/Lead Product Analyst,Rusprofile,Выставочная и еще 2 ,https://hh.ru/vacancy/76395912?from=vacancy_search_list&query=%D0%B0%D0%BD%D0%B0%D0%BB%D0%B8%D1%82%D0%B8%D0%BA+%D0%B4%D0%B0%D0%BD%D0%BD%D1%8B%D1%85
Аналитик инвестиционных проектов (стажер),MAXCAPITAL,,https://hh.ru/vacancy/76117620?from=vacancy_search_list&query=%D0%B0%D0%BD%D0%B0%D0%BB%D0%B8%D1%82%D0%B8%D0%BA+%D0%B4%D0%B0%D0%BD%D0%BD%D1%8B%D1%85
Менеджер по товародвижению,EASTEX,,https://hh.ru/vacancy/76036860?from=vacancy_search_list&query=%D0%B0%D0%BD%D0%B0%D0%BB%D0%B8%D1%82%D0%B8%D0%BA+%D0%B4%D0%B0%D0%BD%D0%BD%D1%8B%D1%85
Senior web\app analyst,Парфюмерно-косметический супермаркет Золотое Яблоко,,https://hh.ru/vacancy/76646620?from=vacancy_search_list&query=%D0%B0%D0%BD%D0%B0%D0%BB%D0%B8%D1%82%D0%B8%D0%BA+%D0%B4%D0%B0%D0%BD%D0%BD%D1%8B%D1%85
Ведущий специалист (портфельный аналитик) Отдела управления розничными рисками,Тойота Банк,Отрадное,https://hh.ru/vacancy/76129843?from=vacancy_search_list&query=%D0%B0%D0%BD%D0%B0%D0%BB%D0%B8%D1%82%D0%B8%D0%BA+%D0%B4%D0%B0%D0%BD%D0%BD%D1%8B%D1%85
"Менеджер маркетплейсов (Вайлдберрис, Озон, Яндекс Маркет), удаленно",ИП Дунюшкин Виталий Владимирович,,https://hh.ru/vacancy/76678107?from=vacancy_search_list&query=%D0%B0%D0%BD%D0%B0%D0%BB%D0%B8%D1%82%D0%B8%D0%BA+%D0%B4%D0%B0%D0%BD%D0%BD%D1%8B%D1%85
Бизнес аналитик (МСБ),Банк Открытие,Павелецкая и еще 1 ,https://hh.ru/vacancy/76653559?from=vacancy_search_list&query=%D0%B0%D0%BD%D0%B0%D0%BB%D0%B8%D1%82%D0%B8%D0%BA+%D0%B4%D0%B0%D0%BD%D0%BD%D1%8B%D1%85
Аналитик по ценообразованию,ZENDEN. Закупки,Щукинская,https://hh.ru/vacancy/76282319?from=vacancy_search_list&query=%D0%B0%D0%BD%D0%B0%D0%BB%D0%B8%D1%82%D0%B8%D0%BA+%D0%B4%D0%B0%D0%BD%D0%BD%D1%8B%D1%85
Специалист службы внедрения программного обеспечения,ООО СтандартПроект,,https://hh.ru/vacancy/76284907?from=vacancy_search_list&query=%D0%B0%D0%BD%D0%B0%D0%BB%D0%B8%D1%82%D0%B8%D0%BA+%D0%B4%D0%B0%D0%BD%D0%BD%D1%8B%D1%85
Бизнес-аналитик (закупки),ООО Велесстрой,яковская,https://hh.ru/vacancy/76629642?from=vacancy_search_list&query=%D0%B0%D0%BD%D0%B0%D0%BB%D0%B8%D1%82%D0%B8%D0%BA+%D0%B4%D0%B0%D0%BD%D0%BD%D1%8B%D1%85
Маркетолог онлайн-курсов,ООО КОРС,,https://hh.ru/vacancy/75612748?from=vacancy_search_list&query=%D0%B0%D0%BD%D0%B0%D0%BB%D0%B8%D1%82%D0%B8%D0%BA+%D0%B4%D0%B0%D0%BD%D0%BD%D1%8B%D1%85
Инженер данных,"ВСК, САО",,https://hh.ru/vacancy/76403186?from=vacancy_search_list&query=%D0%B0%D0%BD%D0%B0%D0%BB%D0%B8%D1%82%D0%B8%D0%BA+%D0%B4%D0%B0%D0%BD%D0%BD%D1%8B%D1%85
Marketing Analyst,ООО «UZUM TECHNOLOGIES».,,https://hh.ru/vacancy/76040806?from=vacancy_search_list&query=%D0%B0%D0%BD%D0%B0%D0%BB%D0%B8%D1%82%D0%B8%D0%BA+%D0%B4%D0%B0%D0%BD%D0%BD%D1%8B%D1%85
Управляющий менеджер (Аналитик) Отдел анализа продаж и бизнес-статистики,ПАО Промсвязьбанк,Павелецкая,https://hh.ru/vacancy/71784027?from=vacancy_search_list&query=%D0%B0%D0%BD%D0%B0%D0%BB%D0%B8%D1%82%D0%B8%D0%BA+%D0%B4%D0%B0%D0%BD%D0%BD%D1%8B%D1%85
Бизнес-аналитик ЕХД,ПАО Промсвязьбанк,Площадь Ильич,https://hh.ru/vacancy/75772903?from=vacancy_search_list&query=%D0%B0%D0%BD%D0%B0%D0%BB%D0%B8%D1%82%D0%B8%D0%BA+%D0%B4%D0%B0%D0%BD%D0%BD%D1%8B%D1%85
Аналитик/Researcher,NAUMEN,Крестьянская застава и еще 2 ,https://hh.ru/vacancy/75941938?from=vacancy_search_list&query=%D0%B0%D0%BD%D0%B0%D0%BB%D0%B8%D1%82%D0%B8%D0%BA+%D0%B4%D0%B0%D0%BD%D0%BD%D1%8B%D1%85
Аналитик DWH,АО РБ Текнолоджи,,https://hh.ru/vacancy/75752714?from=vacancy_search_list&query=%D0%B0%D0%BD%D0%B0%D0%BB%D0%B8%D1%82%D0%B8%D0%BA+%D0%B4%D0%B0%D0%BD%D0%BD%D1%8B%D1%85
Бизнес-аналитик (IT проекты),Эмбедика,,https://hh.ru/vacancy/75848184?from=vacancy_search_list&query=%D0%B0%D0%BD%D0%B0%D0%BB%D0%B8%D1%82%D0%B8%D0%BA+%D0%B4%D0%B0%D0%BD%D0%BD%D1%8B%D1%85
Аудитор-аналитик продуктов и услуг для физических лиц,"ПАО ВТБ, Подразделения Поддержки и Контроля",,https://hh.ru/vacancy/55900988?from=vacancy_search_list&query=%D0%B0%D0%BD%D0%B0%D0%BB%D0%B8%D1%82%D0%B8%D0%BA+%D0%B4%D0%B0%D0%BD%D0%BD%D1%8B%D1%85
Аналитик DWH,ООО Umbrella IT,,https://hh.ru/vacancy/76688424?from=vacancy_search_list&query=%D0%B0%D0%BD%D0%B0%D0%BB%D0%B8%D1%82%D0%B8%D0%BA+%D0%B4%D0%B0%D0%BD%D0%BD%D1%8B%D1%85
Ведущий системный аналитик / IT Аналитик,СИГМА,,https://hh.ru/vacancy/76529094?from=vacancy_search_list&query=%D0%B0%D0%BD%D0%B0%D0%BB%D0%B8%D1%82%D0%B8%D0%BA+%D0%B4%D0%B0%D0%BD%D0%BD%D1%8B%D1%85
Старший системный аналитик,"билайн: ИТ, Data, Digital",,https://hh.ru/vacancy/76225356?from=vacancy_search_list&query=%D0%B0%D0%BD%D0%B0%D0%BB%D0%B8%D1%82%D0%B8%D0%BA+%D0%B4%D0%B0%D0%BD%D0%BD%D1%8B%D1%85
CRM - маркетолог,ТД Арктика,,https://hh.ru/vacancy/76004438?from=vacancy_search_list&query=%D0%B0%D0%BD%D0%B0%D0%BB%D0%B8%D1%82%D0%B8%D0%BA+%D0%B4%D0%B0%D0%BD%D0%BD%D1%8B%D1%85
Senior product analyst (A/B Platform),Lamoda,,https://hh.ru/vacancy/76161974?from=vacancy_search_list&query=%D0%B0%D0%BD%D0%B0%D0%BB%D0%B8%D1%82%D0%B8%D0%BA+%D0%B4%D0%B0%D0%BD%D0%BD%D1%8B%D1%85
Game Product Analyst,ООО Хайкор Геймз,,https://hh.ru/vacancy/76653183?from=vacancy_search_list&query=%D0%B0%D0%BD%D0%B0%D0%BB%D0%B8%D1%82%D0%B8%D0%BA+%D0%B4%D0%B0%D0%BD%D0%BD%D1%8B%D1%85
"Руководитель отдела продаж (Маркетплейсы WB, OZON, SMM, YM...)",UltraBalance,Багратионовская и еще 2 ,https://hh.ru/vacancy/76481005?from=vacancy_search_list&query=%D0%B0%D0%BD%D0%B0%D0%BB%D0%B8%D1%82%D0%B8%D0%BA+%D0%B4%D0%B0%D0%BD%D0%BD%D1%8B%D1%85
Главный аналитик,Ассоциация Банков России,Октябрьская и еще 2 ,https://hh.ru/vacancy/75580115?from=vacancy_search_list&query=%D0%B0%D0%BD%D0%B0%D0%BB%D0%B8%D1%82%D0%B8%D0%BA+%D0%B4%D0%B0%D0%BD%D0%BD%D1%8B%D1%85
Системный аналитик/system analyst,ООО АПХ ЭКО-культура,,https://hh.ru/vacancy/75663664?from=vacancy_search_list&query=%D0%B0%D0%BD%D0%B0%D0%BB%D0%B8%D1%82%D0%B8%D0%BA+%D0%B4%D0%B0%D0%BD%D0%BD%D1%8B%D1%85
Аналитик по товару и ценообразованию,Esterk Lux Parfum,,https://hh.ru/vacancy/75965064?from=vacancy_search_list&query=%D0%B0%D0%BD%D0%B0%D0%BB%D0%B8%D1%82%D0%B8%D0%BA+%D0%B4%D0%B0%D0%BD%D0%BD%D1%8B%D1%85
Бизнес-аналитик отчетности мотивационных программ (SQL),Банк ВТБ (ПАО),Деловой центр и еще 2 ,https://hh.ru/vacancy/71830014?from=vacancy_search_list&query=%D0%B0%D0%BD%D0%B0%D0%BB%D0%B8%D1%82%D0%B8%D0%BA+%D0%B4%D0%B0%D0%BD%D0%BD%D1%8B%D1%85
Бизнес-аналитик (ИТ),ООО РН-Карт,,https://hh.ru/vacancy/76733408?from=vacancy_search_list&query=%D0%B0%D0%BD%D0%B0%D0%BB%D0%B8%D1%82%D0%B8%D0%BA+%D0%B4%D0%B0%D0%BD%D0%BD%D1%8B%D1%85
Ведущий аналитик BI,ООО Лудинг,Кунцевская,https://hh.ru/vacancy/68699354?from=vacancy_search_list&query=%D0%B0%D0%BD%D0%B0%D0%BB%D0%B8%D1%82%D0%B8%D0%BA+%D0%B4%D0%B0%D0%BD%D0%BD%D1%8B%D1%85
Аналитик по работе с ассортиментом и товародвижением,"ЦУМ, ТД",,https://hh.ru/vacancy/76105084?from=vacancy_search_list&query=%D0%B0%D0%BD%D0%B0%D0%BB%D0%B8%D1%82%D0%B8%D0%BA+%D0%B4%D0%B0%D0%BD%D0%BD%D1%8B%D1%85
"Руководитель/Ведущий аналитик (товарные запасы, закупки, продажи)",ООО ФИНТЕХ СТАНДАРТ,Парк культуры,https://hh.ru/vacancy/74093717?from=vacancy_search_list&query=%D0%B0%D0%BD%D0%B0%D0%BB%D0%B8%D1%82%D0%B8%D0%BA+%D0%B4%D0%B0%D0%BD%D0%BD%D1%8B%D1%85
Ведущий маркетолог,ООО Базис,,https://hh.ru/vacancy/75800975?from=vacancy_search_list&query=%D0%B0%D0%BD%D0%B0%D0%BB%D0%B8%D1%82%D0%B8%D0%BA+%D0%B4%D0%B0%D0%BD%D0%BD%D1%8B%D1%85
Финансовый контролер,ООО Новада,,https://hh.ru/vacancy/75884278?from=vacancy_search_list&query=%D0%B0%D0%BD%D0%B0%D0%BB%D0%B8%D1%82%D0%B8%D0%BA+%D0%B4%D0%B0%D0%BD%D0%BD%D1%8B%D1%85
Главный специалист в отдел бюджетирования и отчетности,ПАО Промсвязьбанк,Площадь Ильич,https://hh.ru/vacancy/76567504?from=vacancy_search_list&query=%D0%B0%D0%BD%D0%B0%D0%BB%D0%B8%D1%82%D0%B8%D0%BA+%D0%B4%D0%B0%D0%BD%D0%BD%D1%8B%D1%85
Ассистент отдела дистрибьюции,ООО Керхер,Речной вокзал,https://hh.ru/vacancy/76545437?from=vacancy_search_list&query=%D0%B0%D0%BD%D0%B0%D0%BB%D0%B8%D1%82%D0%B8%D0%BA+%D0%B4%D0%B0%D0%BD%D0%BD%D1%8B%D1%85
Junior Digital manager в агентство мобильного маркетинга,BeneMobile,,https://hh.ru/vacancy/76156426?from=vacancy_search_list&query=%D0%B0%D0%BD%D0%B0%D0%BB%D0%B8%D1%82%D0%B8%D0%BA+%D0%B4%D0%B0%D0%BD%D0%BD%D1%8B%D1%85
Аналитик (расходы на персонал),Яндекс,,https://hh.ru/vacancy/71120369?from=vacancy_search_list&query=%D0%B0%D0%BD%D0%B0%D0%BB%D0%B8%D1%82%D0%B8%D0%BA+%D0%B4%D0%B0%D0%BD%D0%BD%D1%8B%D1%85
Аналитик по категории( business insight),"ПАО «Группа Черкизово», Торговый дом",,https://hh.ru/vacancy/76441048?from=vacancy_search_list&query=%D0%B0%D0%BD%D0%B0%D0%BB%D0%B8%D1%82%D0%B8%D0%BA+%D0%B4%D0%B0%D0%BD%D0%BD%D1%8B%D1%85
Специалист/Аналитик по аудиту,ГБУ г. Москвы НИИ организации здравоохранения и медицинского менеджмента ДЗМ г. Москвы,,https://hh.ru/vacancy/76400870?from=vacancy_search_list&query=%D0%B0%D0%BD%D0%B0%D0%BB%D0%B8%D1%82%D0%B8%D0%BA+%D0%B4%D0%B0%D0%BD%D0%BD%D1%8B%D1%85
Аналитик по описанию бизнес-процессов,Филиал ФКУ Налог-Сервис ФНС России по ЦОД в г.Москве,,https://hh.ru/vacancy/51092225?from=vacancy_search_list&query=%D0%B0%D0%BD%D0%B0%D0%BB%D0%B8%D1%82%D0%B8%D0%BA+%D0%B4%D0%B0%D0%BD%D0%BD%D1%8B%D1%85
Экономист-аналитик,АО ГНИВЦ,Трикотажная,https://hh.ru/vacancy/76036722?from=vacancy_search_list&query=%D0%B0%D0%BD%D0%B0%D0%BB%D0%B8%D1%82%D0%B8%D0%BA+%D0%B4%D0%B0%D0%BD%D0%BD%D1%8B%D1%85
Менеджер по бизнес-моделированию,Tele2,Румянце,https://hh.ru/vacancy/71928893?from=vacancy_search_list&query=%D0%B0%D0%BD%D0%B0%D0%BB%D0%B8%D1%82%D0%B8%D0%BA+%D0%B4%D0%B0%D0%BD%D0%BD%D1%8B%D1%85
Менеджер маркетплейсов,Feelz,,https://hh.ru/vacancy/76440871?from=vacancy_search_list&query=%D0%B0%D0%BD%D0%B0%D0%BB%D0%B8%D1%82%D0%B8%D0%BA+%D0%B4%D0%B0%D0%BD%D0%BD%D1%8B%D1%85
Экономист,ООО Мастерская Цифровых Решений,Текстильщики,https://hh.ru/vacancy/75786545?from=vacancy_search_list&query=%D0%B0%D0%BD%D0%B0%D0%BB%D0%B8%D1%82%D0%B8%D0%BA+%D0%B4%D0%B0%D0%BD%D0%BD%D1%8B%D1%85
Аналитик-разработчик отчетности,Hoff Tech,,https://hh.ru/vacancy/72862756?from=vacancy_search_list&query=%D0%B0%D0%BD%D0%B0%D0%BB%D0%B8%D1%82%D0%B8%D0%BA+%D0%B4%D0%B0%D0%BD%D0%BD%D1%8B%D1%85
Аналитик-технолог,Mediascope,рьина Роща и еще 1 ,https://hh.ru/vacancy/73037198?from=vacancy_search_list&query=%D0%B0%D0%BD%D0%B0%D0%BB%D0%B8%D1%82%D0%B8%D0%BA+%D0%B4%D0%B0%D0%BD%D0%BD%D1%8B%D1%85
Интернет-маркетолог,Природа П,Библиотека им.Ленина и еще 3 ,https://hh.ru/vacancy/75681509?from=vacancy_search_list&query=%D0%B0%D0%BD%D0%B0%D0%BB%D0%B8%D1%82%D0%B8%D0%BA+%D0%B4%D0%B0%D0%BD%D0%BD%D1%8B%D1%85
Digital Media Planner,ArrowMedia,Автозаводская,https://hh.ru/vacancy/75611716?from=vacancy_search_list&query=%D0%B0%D0%BD%D0%B0%D0%BB%D0%B8%D1%82%D0%B8%D0%BA+%D0%B4%D0%B0%D0%BD%D0%BD%D1%8B%D1%85
IT Бизнес-аналитик,Faberlic,,https://hh.ru/vacancy/76648431?from=vacancy_search_list&query=%D0%B0%D0%BD%D0%B0%D0%BB%D0%B8%D1%82%D0%B8%D0%BA+%D0%B4%D0%B0%D0%BD%D0%BD%D1%8B%D1%85
Финансовый аналитик (финтех),Поток.Диджитал,,https://hh.ru/vacancy/76578208?from=vacancy_search_list&query=%D0%B0%D0%BD%D0%B0%D0%BB%D0%B8%D1%82%D0%B8%D0%BA+%D0%B4%D0%B0%D0%BD%D0%BD%D1%8B%D1%85
Ведущий аналитик,"ООО НОРДТЕКС, Корпорация",,https://hh.ru/vacancy/69303410?from=vacancy_search_list&query=%D0%B0%D0%BD%D0%B0%D0%BB%D0%B8%D1%82%D0%B8%D0%BA+%D0%B4%D0%B0%D0%BD%D0%BD%D1%8B%D1%85
Старший продуктовый аналитик в команду «Поиск заказов»,Профи (profi.ru),Аэропорт,https://hh.ru/vacancy/67773818?from=vacancy_search_list&query=%D0%B0%D0%BD%D0%B0%D0%BB%D0%B8%D1%82%D0%B8%D0%BA+%D0%B4%D0%B0%D0%BD%D0%BD%D1%8B%D1%85
Digital-аналитик,"MR Group, группа компаний",Деловой центр и еще 2 ,https://hh.ru/vacancy/76508294?from=vacancy_search_list&query=%D0%B0%D0%BD%D0%B0%D0%BB%D0%B8%D1%82%D0%B8%D0%BA+%D0%B4%D0%B0%D0%BD%D0%BD%D1%8B%D1%85
Аналитик CRM,"О’КЕЙ ""Федеральный офис""",Улица Академика Янгеля,https://hh.ru/vacancy/71807760?from=vacancy_search_list&query=%D0%B0%D0%BD%D0%B0%D0%BB%D0%B8%D1%82%D0%B8%D0%BA+%D0%B4%D0%B0%D0%BD%D0%BD%D1%8B%D1%85
Менеджер по развитию информационной безопасности,Яндекс,Парк культуры,https://hh.ru/vacancy/76283341?from=vacancy_search_list&query=%D0%B0%D0%BD%D0%B0%D0%BB%D0%B8%D1%82%D0%B8%D0%BA+%D0%B4%D0%B0%D0%BD%D0%BD%D1%8B%D1%85
Руководитель/Аналитик товародвижения,post. post. scriptum,Калитники и еще 3 ,https://hh.ru/vacancy/73039371?from=vacancy_search_list&query=%D0%B0%D0%BD%D0%B0%D0%BB%D0%B8%D1%82%D0%B8%D0%BA+%D0%B4%D0%B0%D0%BD%D0%BD%D1%8B%D1%85
Системный аналитик (API + SQL),ООО КлаудФэктори,,https://hh.ru/vacancy/76381500?from=vacancy_search_list&query=%D0%B0%D0%BD%D0%B0%D0%BB%D0%B8%D1%82%D0%B8%D0%BA+%D0%B4%D0%B0%D0%BD%D0%BD%D1%8B%D1%85
Младший контент-менеджер (маркетплейсы),LIMONI,Первомайская,https://hh.ru/vacancy/76131747?from=vacancy_search_list&query=%D0%B0%D0%BD%D0%B0%D0%BB%D0%B8%D1%82%D0%B8%D0%BA+%D0%B4%D0%B0%D0%BD%D0%BD%D1%8B%D1%85
Менеджер по CRM коммуникациям,Франчайзинговая розничная сеть Галамарт,Парк культуры и еще 1 ,https://hh.ru/vacancy/75943867?from=vacancy_search_list&query=%D0%B0%D0%BD%D0%B0%D0%BB%D0%B8%D1%82%D0%B8%D0%BA+%D0%B4%D0%B0%D0%BD%D0%BD%D1%8B%D1%85
Tech Lead Data Engineer (Big Data),Платформа ОФД,Лужники и еще 1 ,https://hh.ru/vacancy/73998234?from=vacancy_search_list&query=%D0%B0%D0%BD%D0%B0%D0%BB%D0%B8%D1%82%D0%B8%D0%BA+%D0%B4%D0%B0%D0%BD%D0%BD%D1%8B%D1%85
Junior Product Manager,Наймиум,Каланчёвская и еще 2 ,https://hh.ru/vacancy/73563554?from=vacancy_search_list&query=%D0%B0%D0%BD%D0%B0%D0%BB%D0%B8%D1%82%D0%B8%D0%BA+%D0%B4%D0%B0%D0%BD%D0%BD%D1%8B%D1%85
Аналитик - Актуарий,"CARDIF, Страховая компания",Дмитровская,https://hh.ru/vacancy/75609608?from=vacancy_search_list&query=%D0%B0%D0%BD%D0%B0%D0%BB%D0%B8%D1%82%D0%B8%D0%BA+%D0%B4%D0%B0%D0%BD%D0%BD%D1%8B%D1%85
"Data analyst/Data Scientist в ML-команду трайба ""Платежи и переводы""",Сбер для экспертов,,https://hh.ru/vacancy/76727275?from=vacancy_search_list&query=%D0%B0%D0%BD%D0%B0%D0%BB%D0%B8%D1%82%D0%B8%D0%BA+%D0%B4%D0%B0%D0%BD%D0%BD%D1%8B%D1%85
Аналитик (мобильные приложения),М.Видео-Эльдорадо. Офис,Бауманская,https://hh.ru/vacancy/76419053?from=vacancy_search_list&query=%D0%B0%D0%BD%D0%B0%D0%BB%D0%B8%D1%82%D0%B8%D0%BA+%D0%B4%D0%B0%D0%BD%D0%BD%D1%8B%D1%85
"Аналитик SQL,Python","Иннотех, Группа компаний",,https://hh.ru/vacancy/76103789?from=vacancy_search_list&query=%D0%B0%D0%BD%D0%B0%D0%BB%D0%B8%D1%82%D0%B8%D0%BA+%D0%B4%D0%B0%D0%BD%D0%BD%D1%8B%D1%85
Аналитик процессного офиса,Государственная корпорация Агентство по страхованию вкладов,Белорусская,https://hh.ru/vacancy/71608838?from=vacancy_search_list&query=%D0%B0%D0%BD%D0%B0%D0%BB%D0%B8%D1%82%D0%B8%D0%BA+%D0%B4%D0%B0%D0%BD%D0%BD%D1%8B%D1%85
Бизнес-аналитик,Black Star,,https://hh.ru/vacancy/72406011?from=vacancy_search_list&query=%D0%B0%D0%BD%D0%B0%D0%BB%D0%B8%D1%82%D0%B8%D0%BA+%D0%B4%D0%B0%D0%BD%D0%BD%D1%8B%D1%85
Продуктовый аналитик,Skillbox,,https://hh.ru/vacancy/76661685?from=vacancy_search_list&query=%D0%B0%D0%BD%D0%B0%D0%BB%D0%B8%D1%82%D0%B8%D0%BA+%D0%B4%D0%B0%D0%BD%D0%BD%D1%8B%D1%85
Продюсер Маркетолог на автоворонки для онлайн-школы (удаленно),PRO-Здоровье,,https://hh.ru/vacancy/75922863?from=vacancy_search_list&query=%D0%B0%D0%BD%D0%B0%D0%BB%D0%B8%D1%82%D0%B8%D0%BA+%D0%B4%D0%B0%D0%BD%D0%BD%D1%8B%D1%85
Менеджер по товародвижению и промо,"Пятёрочка. Склад, логистика",Савёловская и еще 2 ,https://hh.ru/vacancy/76644871?from=vacancy_search_list&query=%D0%B0%D0%BD%D0%B0%D0%BB%D0%B8%D1%82%D0%B8%D0%BA+%D0%B4%D0%B0%D0%BD%D0%BD%D1%8B%D1%85
Аналитик группы развития системы пополнения торговых точек,ДИКСИ. Офис,,https://hh.ru/vacancy/74342152?from=vacancy_search_list&query=%D0%B0%D0%BD%D0%B0%D0%BB%D0%B8%D1%82%D0%B8%D0%BA+%D0%B4%D0%B0%D0%BD%D0%BD%D1%8B%D1%85
Data Scientist (главный исследователь данных),"ВСК, САО",,https://hh.ru/vacancy/70995598?from=vacancy_search_list&query=%D0%B0%D0%BD%D0%B0%D0%BB%D0%B8%D1%82%D0%B8%D0%BA+%D0%B4%D0%B0%D0%BD%D0%BD%D1%8B%D1%85
Аналитик клиентского сервиса,Почта Банк,Преображенская площадь,https://hh.ru/vacancy/76589625?from=vacancy_search_list&query=%D0%B0%D0%BD%D0%B0%D0%BB%D0%B8%D1%82%D0%B8%D0%BA+%D0%B4%D0%B0%D0%BD%D0%BD%D1%8B%D1%85
Продуктовый аналитик/CRM-аналитик/SQL,ПАО Промсвязьбанк,Павелецкая и еще 1 ,https://hh.ru/vacancy/69306095?from=vacancy_search_list&query=%D0%B0%D0%BD%D0%B0%D0%BB%D0%B8%D1%82%D0%B8%D0%BA+%D0%B4%D0%B0%D0%BD%D0%BD%D1%8B%D1%85
Стажер/Маркетолог образовательных курсов/Intern Marketing,Changellenge,,https://hh.ru/vacancy/76502372?from=vacancy_search_list&query=%D0%B0%D0%BD%D0%B0%D0%BB%D0%B8%D1%82%D0%B8%D0%BA+%D0%B4%D0%B0%D0%BD%D0%BD%D1%8B%D1%85
Аналитик (supply chain),Агрохолдинг Белая Дача,Котельники,https://hh.ru/vacancy/76078912?from=vacancy_search_list&query=%D0%B0%D0%BD%D0%B0%D0%BB%D0%B8%D1%82%D0%B8%D0%BA+%D0%B4%D0%B0%D0%BD%D0%BD%D1%8B%D1%85
"Менеджер по работе с маркетплейсами (OZON, Wildberries, Яндекс Маркет). Работа на складе",ООО Джойсити,,https://hh.ru/vacancy/73783362?from=vacancy_search_list&query=%D0%B0%D0%BD%D0%B0%D0%BB%D0%B8%D1%82%D0%B8%D0%BA+%D0%B4%D0%B0%D0%BD%D0%BD%D1%8B%D1%85
Teamlead аналитики,ЛАНИТ. Департамент систем управления документами,Алексеевская и еще 2 ,https://hh.ru/vacancy/76520912?from=vacancy_search_list&query=%D0%B0%D0%BD%D0%B0%D0%BB%D0%B8%D1%82%D0%B8%D0%BA+%D0%B4%D0%B0%D0%BD%D0%BD%D1%8B%D1%85
Аналитик мобильных приложений (маркетинг),AppCake,,https://hh.ru/vacancy/76559896?from=vacancy_search_list&query=%D0%B0%D0%BD%D0%B0%D0%BB%D0%B8%D1%82%D0%B8%D0%BA+%D0%B4%D0%B0%D0%BD%D0%BD%D1%8B%D1%85
Категорийный менеджер / бренд менеджер,VAGNERPLAST,Аннин,https://hh.ru/vacancy/75825829?from=vacancy_search_list&query=%D0%B0%D0%BD%D0%B0%D0%BB%D0%B8%D1%82%D0%B8%D0%BA+%D0%B4%D0%B0%D0%BD%D0%BD%D1%8B%D1%85
CRM-маркетолог / E-mail маркетолог в онлайн-школу,3DCLUB,,https://hh.ru/vacancy/76683758?from=vacancy_search_list&query=%D0%B0%D0%BD%D0%B0%D0%BB%D0%B8%D1%82%D0%B8%D0%BA+%D0%B4%D0%B0%D0%BD%D0%BD%D1%8B%D1%85
Системный аналитик,Dr. Reddy’s,,https://hh.ru/vacancy/74092302?from=vacancy_search_list&query=%D0%B0%D0%BD%D0%B0%D0%BB%D0%B8%D1%82%D0%B8%D0%BA+%D0%B4%D0%B0%D0%BD%D0%BD%D1%8B%D1%85
Специалист по платному трафику (Middle/Senior),pride.marketing,,https://hh.ru/vacancy/76062575?from=vacancy_search_list&query=%D0%B0%D0%BD%D0%B0%D0%BB%D0%B8%D1%82%D0%B8%D0%BA+%D0%B4%D0%B0%D0%BD%D0%BD%D1%8B%D1%85
Product Manager сайта/веб-версии в международный проект о здоровье,Welltory,,https://hh.ru/vacancy/76464340?from=vacancy_search_list&query=%D0%B0%D0%BD%D0%B0%D0%BB%D0%B8%D1%82%D0%B8%D0%BA+%D0%B4%D0%B0%D0%BD%D0%BD%D1%8B%D1%85
Консультант-аналитик 1С:Документооборот (удаленно),1С:ВДГБ,,https://hh.ru/vacancy/76601865?from=vacancy_search_list&query=%D0%B0%D0%BD%D0%B0%D0%BB%D0%B8%D1%82%D0%B8%D0%BA+%D0%B4%D0%B0%D0%BD%D0%BD%D1%8B%D1%85
Маркетолог аналитик мобильных приложений,AppCake,,https://hh.ru/vacancy/76560115?from=vacancy_search_list&query=%D0%B0%D0%BD%D0%B0%D0%BB%D0%B8%D1%82%D0%B8%D0%BA+%D0%B4%D0%B0%D0%BD%D0%BD%D1%8B%D1%85
Бизнес-аналитик/Технолог (Миграция данных/ТЦО),ПАО Промсвязьбанк,,https://hh.ru/vacancy/75934478?from=vacancy_search_list&query=%D0%B0%D0%BD%D0%B0%D0%BB%D0%B8%D1%82%D0%B8%D0%BA+%D0%B4%D0%B0%D0%BD%D0%BD%D1%8B%D1%85
Senior CRM менеджер,ООО Медиапоинт,,https://hh.ru/vacancy/76291450?from=vacancy_search_list&query=%D0%B0%D0%BD%D0%B0%D0%BB%D0%B8%D1%82%D0%B8%D0%BA+%D0%B4%D0%B0%D0%BD%D0%BD%D1%8B%D1%85
Аналитик ETL,Лига Цифровой Экономики,,https://hh.ru/vacancy/73502460?from=vacancy_search_list&query=%D0%B0%D0%BD%D0%B0%D0%BB%D0%B8%D1%82%D0%B8%D0%BA+%D0%B4%D0%B0%D0%BD%D0%BD%D1%8B%D1%85
Product manager,EGGНEADS,,https://hh.ru/vacancy/75875404?from=vacancy_search_list&query=%D0%B0%D0%BD%D0%B0%D0%BB%D0%B8%D1%82%D0%B8%D0%BA+%D0%B4%D0%B0%D0%BD%D0%BD%D1%8B%D1%85
Data Engineer,Rutube,Аэропорт и еще 2 ,https://hh.ru/vacancy/76291546?from=vacancy_search_list&query=%D0%B0%D0%BD%D0%B0%D0%BB%D0%B8%D1%82%D0%B8%D0%BA+%D0%B4%D0%B0%D0%BD%D0%BD%D1%8B%D1%85
Специалист по поддержке и аналитике систем,Nestle,Павелецкая,https://hh.ru/vacancy/76660684?from=vacancy_search_list&query=%D0%B0%D0%BD%D0%B0%D0%BB%D0%B8%D1%82%D0%B8%D0%BA+%D0%B4%D0%B0%D0%BD%D0%BD%D1%8B%D1%85
Python developer (middle),ООО НОВОСИСТЕМ,Нахимовский проспект,https://hh.ru/vacancy/76105043?from=vacancy_search_list&query=%D0%B0%D0%BD%D0%B0%D0%BB%D0%B8%D1%82%D0%B8%D0%BA+%D0%B4%D0%B0%D0%BD%D0%BD%D1%8B%D1%85
Спикер на курс «Data Engineer»,Skillbox,,https://hh.ru/vacancy/76046295?from=vacancy_search_list&query=%D0%B0%D0%BD%D0%B0%D0%BB%D0%B8%D1%82%D0%B8%D0%BA+%D0%B4%D0%B0%D0%BD%D0%BD%D1%8B%D1%85
Аналитик по закупкам ИТ оборудования,"Компания «СПОРТМАСТЕР», Sportmaster Lab",,https://hh.ru/vacancy/76094549?from=vacancy_search_list&query=%D0%B0%D0%BD%D0%B0%D0%BB%D0%B8%D1%82%D0%B8%D0%BA+%D0%B4%D0%B0%D0%BD%D0%BD%D1%8B%D1%85
Старший аналитик по планированию и прогнозированию продаж (Senior Sales & Demand analyst),ООО Кимберли-Кларк,Калужская,https://hh.ru/vacancy/72425707?from=vacancy_search_list&query=%D0%B0%D0%BD%D0%B0%D0%BB%D0%B8%D1%82%D0%B8%D0%BA+%D0%B4%D0%B0%D0%BD%D0%BD%D1%8B%D1%85
Бизнес-аналитик (отчетность),Faberlic,Красный строитель и еще 1 ,https://hh.ru/vacancy/72126142?from=vacancy_search_list&query=%D0%B0%D0%BD%D0%B0%D0%BB%D0%B8%D1%82%D0%B8%D0%BA+%D0%B4%D0%B0%D0%BD%D0%BD%D1%8B%D1%85
Бизнес-ассистент \ Менеджер проектов,ДИВАН.РУ,,https://hh.ru/vacancy/76267199?from=vacancy_search_list&query=%D0%B0%D0%BD%D0%B0%D0%BB%D0%B8%D1%82%D0%B8%D0%BA+%D0%B4%D0%B0%D0%BD%D0%BD%D1%8B%D1%85
Аналитик-специалист по подбору персонала,Сол Партнерс,,https://hh.ru/vacancy/75572159?from=vacancy_search_list&query=%D0%B0%D0%BD%D0%B0%D0%BB%D0%B8%D1%82%D0%B8%D0%BA+%D0%B4%D0%B0%D0%BD%D0%BD%D1%8B%D1%85
Младший финансовый аналитик,ОАО Судоходная компания Волжское пароходство,,https://hh.ru/vacancy/72191482?from=vacancy_search_list&query=%D0%B0%D0%BD%D0%B0%D0%BB%D0%B8%D1%82%D0%B8%D0%BA+%D0%B4%D0%B0%D0%BD%D0%BD%D1%8B%D1%85
Бизнес / Системный аналитик,"билайн: ИТ, Data, Digital",,https://hh.ru/vacancy/76150080?from=vacancy_search_list&query=%D0%B0%D0%BD%D0%B0%D0%BB%D0%B8%D1%82%D0%B8%D0%BA+%D0%B4%D0%B0%D0%BD%D0%BD%D1%8B%D1%85
Аналитик по информационной безопасности в исследовательскую группу,Positive Technologies,Преображенская площадь,https://hh.ru/vacancy/76723210?from=vacancy_search_list&query=%D0%B0%D0%BD%D0%B0%D0%BB%D0%B8%D1%82%D0%B8%D0%BA+%D0%B4%D0%B0%D0%BD%D0%BD%D1%8B%D1%85
Руководитель направления по бизнес-аналитике управления контроля процессов, Альфа-Банк,Технопар,https://hh.ru/vacancy/75557391?from=vacancy_search_list&query=%D0%B0%D0%BD%D0%B0%D0%BB%D0%B8%D1%82%D0%B8%D0%BA+%D0%B4%D0%B0%D0%BD%D0%BD%D1%8B%D1%85
Аналитик отдела продаж,ООО ЛУИС+,,https://hh.ru/vacancy/73990001?from=vacancy_search_list&query=%D0%B0%D0%BD%D0%B0%D0%BB%D0%B8%D1%82%D0%B8%D0%BA+%D0%B4%D0%B0%D0%BD%D0%BD%D1%8B%D1%85
HR-аналитик,ООО ГК МИЦ,Павелецкая,https://hh.ru/vacancy/76395545?from=vacancy_search_list&query=%D0%B0%D0%BD%D0%B0%D0%BB%D0%B8%D1%82%D0%B8%D0%BA+%D0%B4%D0%B0%D0%BD%D0%BD%D1%8B%D1%85
Руководитель отдела маркетинга и рекламы,Директ Лизинг,,https://hh.ru/vacancy/75965018?from=vacancy_search_list&query=%D0%B0%D0%BD%D0%B0%D0%BB%D0%B8%D1%82%D0%B8%D0%BA+%D0%B4%D0%B0%D0%BD%D0%BD%D1%8B%D1%85
Fullstack developer Python-JS / Фулстек-Разработчик,ООО НТ Прогресс,Автозаводская,https://hh.ru/vacancy/72731847?from=vacancy_search_list&query=%D0%B0%D0%BD%D0%B0%D0%BB%D0%B8%D1%82%D0%B8%D0%BA+%D0%B4%D0%B0%D0%BD%D0%BD%D1%8B%D1%85
Руководитель направления (Отдел аналитики и отчетности РБ),Банк Открытие,Павелецкая,https://hh.ru/vacancy/71693223?from=vacancy_search_list&query=%D0%B0%D0%BD%D0%B0%D0%BB%D0%B8%D1%82%D0%B8%D0%BA+%D0%B4%D0%B0%D0%BD%D0%BD%D1%8B%D1%85
Бизнес-аналитик (Middle),Тинькофф,Водный стадион,https://hh.ru/vacancy/75616684?from=vacancy_search_list&query=%D0%B0%D0%BD%D0%B0%D0%BB%D0%B8%D1%82%D0%B8%D0%BA+%D0%B4%D0%B0%D0%BD%D0%BD%D1%8B%D1%85
Специалист ERP-систем,ООО Реставрация,,https://hh.ru/vacancy/75956719?from=vacancy_search_list&query=%D0%B0%D0%BD%D0%B0%D0%BB%D0%B8%D1%82%D0%B8%D0%BA+%D0%B4%D0%B0%D0%BD%D0%BD%D1%8B%D1%85
Аналитик баз данных с администрированием сервера MSSQL,ПАО МГТС,Крестьянская застава и еще 1 ,https://hh.ru/vacancy/76502648?from=vacancy_search_list&query=%D0%B0%D0%BD%D0%B0%D0%BB%D0%B8%D1%82%D0%B8%D0%BA+%D0%B4%D0%B0%D0%BD%D0%BD%D1%8B%D1%85
Менеджер по работе с маркетплейсами,ООО ЭкоСтиль,,https://hh.ru/vacancy/76655475?from=vacancy_search_list&query=%D0%B0%D0%BD%D0%B0%D0%BB%D0%B8%D1%82%D0%B8%D0%BA+%D0%B4%D0%B0%D0%BD%D0%BD%D1%8B%D1%85
Старший бизнес-аналитик,QIWI,Чертановская,https://hh.ru/vacancy/73314742?from=vacancy_search_list&query=%D0%B0%D0%BD%D0%B0%D0%BB%D0%B8%D1%82%D0%B8%D0%BA+%D0%B4%D0%B0%D0%BD%D0%BD%D1%8B%D1%85
Системный аналитик,ООО Современные Фонды Недвижимости,,https://hh.ru/vacancy/76478426?from=vacancy_search_list&query=%D0%B0%D0%BD%D0%B0%D0%BB%D0%B8%D1%82%D0%B8%D0%BA+%D0%B4%D0%B0%D0%BD%D0%BD%D1%8B%D1%85
Финансовый аналитик,ООО СЗ Стадион Спартак,,https://hh.ru/vacancy/75769379?from=vacancy_search_list&query=%D0%B0%D0%BD%D0%B0%D0%BB%D0%B8%D1%82%D0%B8%D0%BA+%D0%B4%D0%B0%D0%BD%D0%BD%D1%8B%D1%85
Аналитик / менеджер проектов в департамент консалтинга и коммуникационных исследований,PR News,,https://hh.ru/vacancy/76561351?from=vacancy_search_list&query=%D0%B0%D0%BD%D0%B0%D0%BB%D0%B8%D1%82%D0%B8%D0%BA+%D0%B4%D0%B0%D0%BD%D0%BD%D1%8B%D1%85
Аналитик витрин данных,"Иннотех, Группа компаний",,https://hh.ru/vacancy/76106615?from=vacancy_search_list&query=%D0%B0%D0%BD%D0%B0%D0%BB%D0%B8%D1%82%D0%B8%D0%BA+%D0%B4%D0%B0%D0%BD%D0%BD%D1%8B%D1%85
Продуктовый аналитик “Строки”,ПАО «МТС» ,,https://hh.ru/vacancy/76387967?from=vacancy_search_list&query=%D0%B0%D0%BD%D0%B0%D0%BB%D0%B8%D1%82%D0%B8%D0%BA+%D0%B4%D0%B0%D0%BD%D0%BD%D1%8B%D1%85
Младший аналитик-оптимизатор на производство,ООО Ридан,,https://hh.ru/vacancy/75904120?from=vacancy_search_list&query=%D0%B0%D0%BD%D0%B0%D0%BB%D0%B8%D1%82%D0%B8%D0%BA+%D0%B4%D0%B0%D0%BD%D0%BD%D1%8B%D1%85
Demand Planner,ANCOR,яковская,https://hh.ru/vacancy/74135716?from=vacancy_search_list&query=%D0%B0%D0%BD%D0%B0%D0%BB%D0%B8%D1%82%D0%B8%D0%BA+%D0%B4%D0%B0%D0%BD%D0%BD%D1%8B%D1%85
Младший Аналитик (Мск),ООО Тагес Джамп,,https://hh.ru/vacancy/51240475?from=vacancy_search_list&query=%D0%B0%D0%BD%D0%B0%D0%BB%D0%B8%D1%82%D0%B8%D0%BA+%D0%B4%D0%B0%D0%BD%D0%BD%D1%8B%D1%85
Аналитик (Кредитные карты),Банк ВТБ (ПАО),Деловой центр и еще 2 ,https://hh.ru/vacancy/73142532?from=vacancy_search_list&query=%D0%B0%D0%BD%D0%B0%D0%BB%D0%B8%D1%82%D0%B8%D0%BA+%D0%B4%D0%B0%D0%BD%D0%BD%D1%8B%D1%85
Интернет-маркетолог/таргетолог,ООО Базис Девелопмент,рксистская и еще 1 ,https://hh.ru/vacancy/75554919?from=vacancy_search_list&query=%D0%B0%D0%BD%D0%B0%D0%BB%D0%B8%D1%82%D0%B8%D0%BA+%D0%B4%D0%B0%D0%BD%D0%BD%D1%8B%D1%85
Старший аналитик Отдела по управлению портфелем розничного бизнеса,"Ренессанс Кредит, Москва",Павелецкая и еще 1 ,https://hh.ru/vacancy/75743162?from=vacancy_search_list&query=%D0%B0%D0%BD%D0%B0%D0%BB%D0%B8%D1%82%D0%B8%D0%BA+%D0%B4%D0%B0%D0%BD%D0%BD%D1%8B%D1%85
Контент-менеджер (проверка данных) / Специалист по сбору информации с сайтов ритейлеров,ООО 24 ТТЛ,,https://hh.ru/vacancy/76126804?from=vacancy_search_list&query=%D0%B0%D0%BD%D0%B0%D0%BB%D0%B8%D1%82%D0%B8%D0%BA+%D0%B4%D0%B0%D0%BD%D0%BD%D1%8B%D1%85
Ведущий менеджер стратегических проектов,Яндекс,,https://hh.ru/vacancy/75753316?from=vacancy_search_list&query=%D0%B0%D0%BD%D0%B0%D0%BB%D0%B8%D1%82%D0%B8%D0%BA+%D0%B4%D0%B0%D0%BD%D0%BD%D1%8B%D1%85
"Главный специалист Мониторинг кредитных рисков / Аналитика, процессы и качество данных Банк ДОМ.РФ",АО Банк ДОМ.РФ,,https://hh.ru/vacancy/76599813?from=vacancy_search_list&query=%D0%B0%D0%BD%D0%B0%D0%BB%D0%B8%D1%82%D0%B8%D0%BA+%D0%B4%D0%B0%D0%BD%D0%BD%D1%8B%D1%85
Системный аналитик,Лига Цифровой Экономики,,https://hh.ru/vacancy/76112959?from=vacancy_search_list&query=%D0%B0%D0%BD%D0%B0%D0%BB%D0%B8%D1%82%D0%B8%D0%BA+%D0%B4%D0%B0%D0%BD%D0%BD%D1%8B%D1%85
Менеджер продукта (Big Data),"Лента, федеральная розничная сеть, IT ",,https://hh.ru/vacancy/74349445?from=vacancy_search_list&query=%D0%B0%D0%BD%D0%B0%D0%BB%D0%B8%D1%82%D0%B8%D0%BA+%D0%B4%D0%B0%D0%BD%D0%BD%D1%8B%D1%85
Старший Антифрод-аналитик (Remote),РобоФинанс,,https://hh.ru/vacancy/73565503?from=vacancy_search_list&query=%D0%B0%D0%BD%D0%B0%D0%BB%D0%B8%D1%82%D0%B8%D0%BA+%D0%B4%D0%B0%D0%BD%D0%BD%D1%8B%D1%85
Junior+ разработчик Haskell - программист Haskell (удаленно),ООО Гетшоптв,Достоевская и еще 2 ,https://hh.ru/vacancy/76412870?from=vacancy_search_list&query=%D0%B0%D0%BD%D0%B0%D0%BB%D0%B8%D1%82%D0%B8%D0%BA+%D0%B4%D0%B0%D0%BD%D0%BD%D1%8B%D1%85
Middle/Senior Product analyst,QIWI,Чертановская,https://hh.ru/vacancy/73380926?from=vacancy_search_list&query=%D0%B0%D0%BD%D0%B0%D0%BB%D0%B8%D1%82%D0%B8%D0%BA+%D0%B4%D0%B0%D0%BD%D0%BD%D1%8B%D1%85
Системный аналитик,ООО СК Сбербанк страхование жизни,,https://hh.ru/vacancy/76660098?from=vacancy_search_list&query=%D0%B0%D0%BD%D0%B0%D0%BB%D0%B8%D1%82%D0%B8%D0%BA+%D0%B4%D0%B0%D0%BD%D0%BD%D1%8B%D1%85
Разработчик BI,ООО АЛРОСА Информационные технологии,,https://hh.ru/vacancy/72919665?from=vacancy_search_list&query=%D0%B0%D0%BD%D0%B0%D0%BB%D0%B8%D1%82%D0%B8%D0%BA+%D0%B4%D0%B0%D0%BD%D0%BD%D1%8B%D1%85
Сервис-менеджер / Менеджер по сопровождению IT-сервисов,ООО Палиндром,,https://hh.ru/vacancy/76732691?from=vacancy_search_list&query=%D0%B0%D0%BD%D0%B0%D0%BB%D0%B8%D1%82%D0%B8%D0%BA+%D0%B4%D0%B0%D0%BD%D0%BD%D1%8B%D1%85
"Интернет-маркетолог / SEO, контекст, ROISTAT, email в штат",PATENTUS,Павелецкая и еще 2 ,https://hh.ru/vacancy/76170073?from=vacancy_search_list&query=%D0%B0%D0%BD%D0%B0%D0%BB%D0%B8%D1%82%D0%B8%D0%BA+%D0%B4%D0%B0%D0%BD%D0%BD%D1%8B%D1%85
Бизнес-партнер Департамента управленческой отчетности,БКС Бизнес и процессы,,https://hh.ru/vacancy/73872299?from=vacancy_search_list&query=%D0%B0%D0%BD%D0%B0%D0%BB%D0%B8%D1%82%D0%B8%D0%BA+%D0%B4%D0%B0%D0%BD%D0%BD%D1%8B%D1%85
Системный/Бизнес-аналитик (Приборы),СИГМА,Тульская,https://hh.ru/vacancy/76543836?from=vacancy_search_list&query=%D0%B0%D0%BD%D0%B0%D0%BB%D0%B8%D1%82%D0%B8%D0%BA+%D0%B4%D0%B0%D0%BD%D0%BD%D1%8B%D1%85
